<?xml version="1.0"?>
<doc>
    <assembly>
        <name>QRCodemaker</name>
    </assembly>
    <members>
        <member name="T:QRCode.QRCodeMaker">
            <summary>
            This is a QRCode Maker. It creates a QRCode photo.
            This uses freeware ; DotNetBarcode.dll  
            </summary>
        </member>
        <member name="F:QRCode.QRCodeMaker.bc1">
            <summary>
            bc1  QRCode
            </summary>
        </member>
        <member name="M:QRCode.QRCodeMaker.QRWriteBar(Microsoft.SmallBasic.Library.Primitive,Microsoft.SmallBasic.Library.Primitive,Microsoft.SmallBasic.Library.Primitive)">
            <summary>
            QRWriteBar  makes  QRCode
            </summary>
            /// <param name="Message">
            Message to make a QRCode
            </param>
            <param name="FName">
            Directory / Filename to save the QRCode photo
            Only jpg type  Ex; G:\TestQRcode.jpg  
            </param>
            /// <param name="Pix">
            Pixel size>=1  Ex; 4
            </param>
            <returns>
            returns "QR Success" 
            </returns>
        </member>
        <member name="M:QRCode.QRCodeMaker.WriteBar39(Microsoft.SmallBasic.Library.Primitive,Microsoft.SmallBasic.Library.Primitive,Microsoft.SmallBasic.Library.Primitive,Microsoft.SmallBasic.Library.Primitive)">
            <summary>
            WriteBar39  makes  BarCode
            </summary>
            /// <param name="Message">
            Message to make a BarCode(Code39)
            </param>
            <param name="FName">
            Directory / Filename to save the BarCode photo
            Only jpg type  Ex; G:\TestCode39.jpg  
            </param>
            /// <param name="Width">
            Width of the Barcode 
            </param>
            /// <param name="Height">
            Height of the Barcode
            </param>
            <returns>
            returns "Code39 Success" 
            </returns>
        </member>
    </members>
</doc>
