<?xml version="1.0"?>
<doc>
    <assembly>
        <name>SmallBasicANN</name>
    </assembly>
    <members>
        <member name="T:SmallBasicANN.NeuralNetwork">
            <summary>
            This class provides the functionality to easily create, train and use Feedforward-Backpropagation artificial neural networks.
            </summary>
        </member>
        <member name="M:SmallBasicANN.NeuralNetwork.New(Microsoft.SmallBasic.Library.Primitive,Microsoft.SmallBasic.Library.Primitive)">
            <summary>
            Create a new neural network.
            </summary>
            <param name="Name">A name for the network.</param>
            <param name="Structure">Comma delimited string defining the network's structure.</param>
            <example>
            The following code would create a network named "MyANN" with 2 Input Layer nodes, 1 Hidden Layer with 3 nodes and 1 Output Layer node.
            <code>
            NeuralNetwork.New("MyANN", "2,3,1")
            </code>
            </example>
            <returns>"true" if successful or an error message on failure.</returns>
        </member>
        <member name="M:SmallBasicANN.NeuralNetwork.Load(Microsoft.SmallBasic.Library.Primitive)">
            <summary>
            Load a neural network from a file.
            </summary>
            <param name="Filename">The name of the file to load the network from.</param>
            <example>
            The following code would load a network from the file "MyANN.ann".
            <code>
            NeuralNetwork.Load("MyANN.ann")
            </code>
            </example>
            <returns>The name of the network if successful or an error message on failure.</returns>
        </member>
        <member name="M:SmallBasicANN.NeuralNetwork.Save(Microsoft.SmallBasic.Library.Primitive,Microsoft.SmallBasic.Library.Primitive)">
            <summary>
            Save a neural network to a file.
            </summary>
            <param name="Name">Name of the neural network to save.</param>
            <param name="Filename">The name of the file to save the network to.</param>
            <example>
            The following code would save a network called "MyANN" to the file "MyANN.ann".
            <code>
            NeuralNetwork.Save("MyANN", "MyANN.ann")
            </code>
            </example>
            <returns>"true" if successful or an error message on failure.</returns>
        </member>
        <member name="M:SmallBasicANN.NeuralNetwork.Train(Microsoft.SmallBasic.Library.Primitive,Microsoft.SmallBasic.Library.Primitive,Microsoft.SmallBasic.Library.Primitive)">
            <summary>
            Train a neural network.
            </summary>
            <param name="Name">The name of the network to train.</param>
            <param name="TrainingSet">Filename of the training set data to use.</param>
            <param name="FileMode">Format of the training set data file. "true" indicates a binary file, "false" indicates a text file.</param>
            <example>
            The following code would train a network called "MyANN" using the training set in the binary file "MyANN.set".
            <code>
            NeuralNetwork.Train("MyANN", "MyANN.set", "true")
            </code>
            </example>
            <returns>The epoch when the network became trained (0 indicates the network failed to train) or an error message on failure.</returns>
        </member>
        <member name="M:SmallBasicANN.NeuralNetwork.Use(Microsoft.SmallBasic.Library.Primitive,Microsoft.SmallBasic.Library.Primitive)">
            <summary>
            Use a neural network.
            </summary>
            <param name="Name">Name of the network to use.</param>
            <param name="Input">A comma delimited string defining the input data values.</param>
            <example>
            The following code would use a network called "MyANN" with the input data values 1.0 and 0.0.
            <code>
            NeuralNetwork.Use("MyANN", "1.0, 0.0")
            </code>
            </example>
            <returns>A comma delimited string defining the output data values or an error message on failure.</returns>
        </member>
        <member name="M:SmallBasicANN.NeuralNetwork.Delete(Microsoft.SmallBasic.Library.Primitive)">
            <summary>
            Delete a neural network.
            </summary>
            <param name="Name">The name of the network to delete.</param>
            <example>
            The following code would delete a network called "MyANN".
            <code>
            NeuralNetwork.Delete("MyANN")
            </code>
            </example>
            <returns>"true" if successful or an error message on failure.</returns>
        </member>
        <member name="M:SmallBasicANN.NeuralNetwork.Exists(Microsoft.SmallBasic.Library.Primitive)">
            <summary>
            Check if a network exists.
            </summary>
            <param name="Name">The name of the network to check.</param>
            <example>
            The following code would check if a network called "MyANN" exists.
            <code>
            NeuralNetwork.Exists("MyANN")
            </code>
            </example>
            <returns>"true" if successful or an error message on failure.</returns>
        </member>
        <member name="M:SmallBasicANN.NeuralNetwork.ConvertFile(Microsoft.SmallBasic.Library.Primitive,Microsoft.SmallBasic.Library.Primitive,Microsoft.SmallBasic.Library.Primitive)">
            <summary>
            Convert a training set data file format from binary to text or text to binary.
            </summary>
            <param name="Input">The filename to load the data to convert from.</param>
            <param name="Output">The filename to save the converted data to.</param>
            <param name="Binary">"true" indicates the input file is binary, "false" indicates the input file is text.</param>
            <example>
            The following code would convert a text data file called "MyANN.txt" to a binary data file called "MyANN.bin".
            <code>
            NeuralNetwork.ConvertFile("MyANN.txt", "MyANN.bin", "false")
            </code>
            </example>
            <returns>"true" if successful or an error message on failure.</returns>
        </member>
        <member name="M:SmallBasicANN.NeuralNetwork.InputNodes(Microsoft.SmallBasic.Library.Primitive)">
            <summary>
            Get the number of Input Layer nodes in a network.
            </summary>
            <param name="Name">The network's name.</param>
            <example>
            The following code would get the number of input layer nodes in a network called "MyANN".
            <code>
            NeuralNetwork.InputNodes("MyANN")
            </code>
            </example>
            <returns>The number of nodes if successful or an error message on failure.</returns>
        </member>
        <member name="M:SmallBasicANN.NeuralNetwork.HiddenLayers(Microsoft.SmallBasic.Library.Primitive)">
            <summary>
            Get the number of Hidden Layers in a network.
            </summary>
            <param name="Name">The network's name.</param>
            <example>
            The following code would get the number of Hidden Layers in a network called "MyANN".
            <code>
            NeuralNetwork.HiddenLayers("MyANN")
            </code>
            </example>
            <returns>The number of HiddenLayers if successful or an error message on failure.</returns>
        </member>
        <member name="M:SmallBasicANN.NeuralNetwork.HiddenNodes(Microsoft.SmallBasic.Library.Primitive,Microsoft.SmallBasic.Library.Primitive)">
            <summary>
            Get the number of nodes in a Hidden Layer.
            </summary>
            <param name="Name">The network's name.</param>
            <param name="Layer">The Hidden Layer's index.</param>
            <example>
            The following code would get the number of nodes in the first Hidden Layer of a network called "MyANN".
            <code>
            NeuralNetwork.HiddenNodes("MyANN", 0)
            </code>
            </example>
            <returns>The number of nodes if successful or an error message on failure.</returns>
        </member>
        <member name="M:SmallBasicANN.NeuralNetwork.OutputNodes(Microsoft.SmallBasic.Library.Primitive)">
            <summary>
            Get the number of nodes in the Output Layer.
            </summary>
            <param name="Name">The network's name.</param>
            <example>
            The following code would get the number of nodes in the Output Layer of a network called "MyANN".
            <code>
            NeuralNetwork.OutputNodes("MyANN")
            </code>
            </example>
            <returns>The number of nodes if successful or an error message on failure.</returns>
        </member>
        <member name="M:SmallBasicANN.NeuralNetwork.Trained(Microsoft.SmallBasic.Library.Primitive)">
            <summary>
            Check if a network has been trained.
            </summary>
            <param name="Name">The network's name.</param>
            <example>
            The following code would check if a network called "MyANN" is trained.
            <code>
            NeuralNetwork.Trained("MyANN")
            </code>
            </example>
            <returns>The epoch when the network became trained (0 indicates the network is untrained) or an error message on failure.</returns>
        </member>
        <member name="M:SmallBasicANN.NeuralNetwork.Name(Microsoft.SmallBasic.Library.Primitive,Microsoft.SmallBasic.Library.Primitive)">
            <summary>
            Set the network's name.
            </summary>
            <param name="Name">The name of the network to change.</param>
            <param name="Value">The name to change to.</param>
            <example>
            The following code would change the name of a network called "MyANN" to "XOR".
            <code>
            NeuralNetwork.Name("MyANN", "XOR")
            </code>
            </example>
            <returns>The new name of the network or an error message on failure.</returns>
        </member>
        <member name="M:SmallBasicANN.NeuralNetwork.Epochs(Microsoft.SmallBasic.Library.Primitive,Microsoft.SmallBasic.Library.Primitive,Microsoft.SmallBasic.Library.Primitive)">
            <summary>
            Get or set the number of training epochs for a network.
            </summary>
            <param name="Name">The network's name.</param>
            <param name="Value">The number of training epochs. This param is ignored if Get is "true".</param>
            <param name="Get">"true" will get the value. "false" will set the value.</param>
            <example>
            The following code would set the number of training epochs for a network called "MyANN" to 10,000.
            <code>
            NeuralNetwork.Epochs("MyANN", 10000, "false")
            </code>
            </example>
            <returns>The number of epochs or an error message on failure.</returns>
        </member>
        <member name="M:SmallBasicANN.NeuralNetwork.LearningRate(Microsoft.SmallBasic.Library.Primitive,Microsoft.SmallBasic.Library.Primitive,Microsoft.SmallBasic.Library.Primitive)">
            <summary>
            Get or Set the learning rate for a network.
            </summary>
            <param name="Name">The network's name.</param>
            <param name="Value">The learning rate, a value between 0.0 and 1.0. This param is ignored if Get is "true".</param>
            <param name="Get">"true" will get the value. "false" will set the value.</param>
            <example>
            The following code would set the learning rate for a network called "MyANN" to 0.5.
            <code>
            NeuralNetwork.LearningRate("MyANN", 0.5, "false")
            </code>
            </example>
            <returns>The learning rate or an error message on failure.</returns>
        </member>
        <member name="M:SmallBasicANN.NeuralNetwork.Momentum(Microsoft.SmallBasic.Library.Primitive,Microsoft.SmallBasic.Library.Primitive,Microsoft.SmallBasic.Library.Primitive)">
            <summary>
            Get or Set the momentum for a network.
            </summary>
            <param name="Name">The network's name.</param>
            <param name="Value">The momentum, a value between 0.0 and 1.0. This param is ignored if Get is "true".</param>
            <param name="Get">"true" will get the value. "false" will set the value.</param>
            <example>
            The following code would set the momentum for a network called "MyANN" to 0.1.
            <code>
            NeuralNetwork.Momentum("MyANN", 0.1, "false")
            </code>
            </example>
            <returns>The momentum or an error message on failure.</returns>
        </member>
        <member name="M:SmallBasicANN.NeuralNetwork.SigmoidResponse(Microsoft.SmallBasic.Library.Primitive,Microsoft.SmallBasic.Library.Primitive,Microsoft.SmallBasic.Library.Primitive)">
            <summary>
            Get or set the sigmoid response for a network.
            </summary>
            <param name="Name">The network's name.</param>
            <param name="Value">The sigmoid response, a value between 0.0 and 1.0. This param is ignored if Get is "true".</param>
            <param name="Get">"true" will get the value. "false" will set the value.</param>
            <example>
            The following code would set the sigmoid response for a network called "MyANN" to 0.9.
            <code>
            NeuralNetwork.SigmoidResponse("MyANN", 0.9, "false")
            </code>
            </example>
            <returns>The sigmoid response or an error message on failure.</returns>
        </member>
        <!-- Badly formed XML comment ignored for member "M:SmallBasicANN.NeuralNetwork.ErrorRequired(Microsoft.SmallBasic.Library.Primitive,Microsoft.SmallBasic.Library.Primitive,Microsoft.SmallBasic.Library.Primitive)" -->
    </members>
</doc>
