<?xml version="1.0" encoding="UTF-8"?>
<doc>
	<assembly>
		<name>SmallBasicANN 1.2 DE</name>
	</assembly>
	<members>
		<member name="T:SmallBasicANN.NeuralNetwork">
			<summary>Diese Klasse bietet Funktionen für leichte Erstellung, Training und Anwendung von 'FeedForward-BackPropagation' künstlich, neuronaler Netze.
            (Vorwärtsansteuerung-Rückwärtsausbreitung). (SmallBasicANN Ext)</summary>
			<example>http://de.wikipedia.org/wiki/K%C3%BCnstliches_neuronales_Netz
            http://social.technet.microsoft.com/wiki/contents/articles/32140.basis-of-neural-networks-in-visual-basic-net.aspx</example>
		</member>
		<member name="M:SmallBasicANN.NeuralNetwork.New(Microsoft.SmallBasic.Library.Primitive,Microsoft.SmallBasic.Library.Primitive)">
			<summary>Erstellt ein neues neuronales Netz.</summary>
			<param name="name">Der Name für das neue Netz.</param>
			<param name="structure">Ein Komma begrenzter String zur Definition der Netzstruktur (Knotenanzahl in "Eingabe,Verborgen,Ausgabe").</param>
			<returns>"True" bei Erfolg, sonst eine Fehlermeldung.</returns>
			<example>Erstellt das Netz "myANN" mit 2 Eingabeknoten, verborgener Layer mit 3 Knoten, sowie 1 Ausgabeknoten:
            NeuralNetwork.New("myANN", "2,3,1")</example>
		</member>
		<member name="M:SmallBasicANN.NeuralNetwork.Load(Microsoft.SmallBasic.Library.Primitive)">
			<summary>Laden eines neuronalen Netzes von einer Datei im Textformat.</summary>
			<param name="fileName">Der volle Dateipfad zum Laden des Netzes.</param>
			<returns>Der Name des Netzes bei Erfolg, sonst eine Fehlermeldung.</returns>
			<example>Lädt das Netz von Datei "myANN.ann":
            NeuralNetwork.Load(Program.Directory +"\myANN.ann")</example>
		</member>
		<member name="M:SmallBasicANN.NeuralNetwork.Save(Microsoft.SmallBasic.Library.Primitive,Microsoft.SmallBasic.Library.Primitive)">
			<summary>Speichert ein neuronales Netz in eine Datei als Textformat.</summary>
			<param name="name">Der Name des zu speichernden neuronalen Netzes.</param>
			<param name="fileName">Der volle Dateipfad zum Speichern des Netzes.</param>
			<returns>"True" bei Erfolg, sonst eine Fehlermeldung.</returns>
			<example>Speichert das Netz "myANN" in die Datei "myANN.ann":
            NeuralNetwork.Save("myANN", Program.Directory +"\myANN.ann")</example>
		</member>
		<member name="M:SmallBasicANN.NeuralNetwork.Train(Microsoft.SmallBasic.Library.Primitive,Microsoft.SmallBasic.Library.Primitive,Microsoft.SmallBasic.Library.Primitive)">
			<summary>Trainiert ein neuronales Netz mit Hilfe einer Trainingsset Datendatei.</summary>
			<param name="name">Der Name des zu trainierenden Netzes.</param>
			<param name="trainingSet">Der volle Dateipfad für die zu verwendende Trainingssetdatei.</param>
			<param name="fileMode">Das Format der Trainingssetdatei?  "True" (Binärdatei) oder "False" (Textdatei).</param>
			<returns>Die Epoche zu das Netz trainiert wurde (0 bei Mißerfolg im Training) bei Erfolg, sonst eine Fehlermeldung.</returns>
			<example>Trainiert das Netz "myANN" mit dem Trainingsset in Binärdatei "myANN.set":
            NeuralNetwork.Train("myANN", Program.Directory +"\myANN.set", "True")</example>
		</member>
		<member name="M:SmallBasicANN.NeuralNetwork.Use(Microsoft.SmallBasic.Library.Primitive,Microsoft.SmallBasic.Library.Primitive)">
			<summary>Anwenden eines neuralen Netzes.</summary>
			<param name="name">Der Name des zu verwendenden Netzes.</param>
			<param name="input">Ein Komma begrenzter String definiert die Eingabe Datenwerte.</param>
			<returns>Ein Komma begrenzter String (definiert die Ausgabe Datenwerte) bei Erfolg, sonst eine Fehlermeldung.</returns>
			<example>Verwendet das Netz "myANN" mit den Eingabe Datenwerten 1.0 und 0.0:
            NeuralNetwork.Use("myANN", "1.0,0.0")</example>
		</member>
		<member name="M:SmallBasicANN.NeuralNetwork.Delete(Microsoft.SmallBasic.Library.Primitive)">
			<summary>Löscht ein neuronales Netz.</summary>
			<param name="name">Der Name des zu löschenden Netzes.</param>
			<returns>"True" bei Erfolg, sonst eine Fehlermeldung.</returns>
			<example>Löscht das Netz "myANN":
            NeuralNetwork.Delete("myANN")</example>
		</member>
		<member name="M:SmallBasicANN.NeuralNetwork.Exists(Microsoft.SmallBasic.Library.Primitive)">
			<summary>Ermittelt ob ein Netz existiert.</summary>
			<param name="name">Der Name des zu ermittelnden Netzes.</param>
			<returns>"True" bei Erfolg, sonst eine Fehlermeldung.</returns>
			<example>Ermittelt ob das Netz "myANN" existiert:
            NeuralNetwork.Exists("myANN")</example>
		</member>
		<member name="M:SmallBasicANN.NeuralNetwork.ConvertFile(Microsoft.SmallBasic.Library.Primitive,Microsoft.SmallBasic.Library.Primitive,Microsoft.SmallBasic.Library.Primitive)">
			<summary>Konvertiert das Format einer Trainingsset Datendatei zwischen Binär- und Textformat.</summary>
			<param name="input">Der volle Dateipfad zum Laden der Daten für Konvertierung.</param>
			<param name="output">Der volle Dateipfad zum Speichern der konvertierten Datendatei.</param>
			<param name="binary">"True" (binäre Eingabedatei) oder "False" (Eingabedatei im Textformat).</param>
			<returns>"True" bei Erfolg, sonst eine Fehlermeldung.</returns>
			<example>Konvertiert Textdatendatei "myANN.txt" zu Binärdatendatei "myANN.bin":
            NeuralNetwork.ConvertFile(Program.Directory +"\myANN.txt", Program.Directory +"\myANN.bin", "False")</example>
		</member>
		<member name="M:SmallBasicANN.NeuralNetwork.InputNodes(Microsoft.SmallBasic.Library.Primitive)">
			<summary>Ermittelt die Anzahl der Eingabe Layer Knoten in einem Netz.</summary>
			<param name="name">Der Name des Netzes.</param>
			<returns>Die Knotenanzahl bei Erfolg, sonst eine Fehlermeldung.</returns>
			<example>Ermittelt die Anzahl der Eingabe Layer Knoten im Netz "myANN":
            NeuralNetwork.InputNodes("myANN")</example>
		</member>
		<member name="M:SmallBasicANN.NeuralNetwork.HiddenLayers(Microsoft.SmallBasic.Library.Primitive)">
			<summary>Ermittelt die Anzahl verborgender Layer in einem Netz.</summary>
			<param name="name">Der Name des Netzes.</param>
			<returns>Die Anzahl an HiddenLayers bei Erfolg, sonst eine Fehlermeldung.</returns>
			<example>Ermittelt die Anzahl der HiddenLayers im Netz "myANN":
            NeuralNetwork.HiddenLayers("myANN")</example>
		</member>
		<member name="M:SmallBasicANN.NeuralNetwork.HiddenNodes(Microsoft.SmallBasic.Library.Primitive,Microsoft.SmallBasic.Library.Primitive)">
			<summary>Ermittelt die Knotenanzahl in einem verborgenen Layer.</summary>
			<param name="name">Der Name des Netzes.</param>
			<param name="layer">Der Index des HiddenLayer (ab 0).</param>
			<returns>Die Knotenanzahl bei Erfolg, sonst eine Fehlermeldung.</returns>
			<example>Ermittelt die Knotenanzahl im ersten HiddenLayer des Netzes "myANN":
            NeuralNetwork.HiddenNodes("myANN", 0)</example>
		</member>
		<member name="M:SmallBasicANN.NeuralNetwork.OutputNodes(Microsoft.SmallBasic.Library.Primitive)">
			<summary>Ermittelt die Knotenanzahl im Ausgabe Layer.</summary>
			<param name="name">Der Name des Netzes.</param>
			<returns>Die Knotenanzahl bei Erfolg, sonst eine Fehlermeldung.</returns>
			<example>Ermittelt die Knotenanzahl im Ausgabe Layer des Netzes "myANN":
            NeuralNetwork.OutputNodes("myANN")</example>
		</member>
		<member name="M:SmallBasicANN.NeuralNetwork.Trained(Microsoft.SmallBasic.Library.Primitive)">
			<summary>Ermittelt ob das Netz trainiert wurde.</summary>
			<param name="name">Der Name des Netzes.</param>
			<returns>Die Epoche als das Netz trainiert war (0 wenn untrainiert) bei Erfolg, sonst eine Fehlermeldung.</returns>
			<example>Ermittelt ob das Netz "myANN" trainiert ist:
            NeuralNetwork.Trained("myANN")</example>
		</member>
		<member name="M:SmallBasicANN.NeuralNetwork.Name(Microsoft.SmallBasic.Library.Primitive,Microsoft.SmallBasic.Library.Primitive)">
			<summary>Setzt oder ändert den Name für ein Netz.</summary>
			<param name="name">Der Name des umzubenennenden Netzes.</param>
			<param name="value">Der neue Name für das Netz.</param>
			<returns>Der neue Name für das Netz bei Erfolg, sonst eine Fehlermeldung.</returns>
			<example>Ändert den Name für das Netz "myANN" zu "XOR":
            NeuralNetwork.Name("myANN", "XOR")</example>
		</member>
		<member name="M:SmallBasicANN.NeuralNetwork.Epochs(Microsoft.SmallBasic.Library.Primitive,Microsoft.SmallBasic.Library.Primitive,Microsoft.SmallBasic.Library.Primitive)">
			<summary>Ermittelt oder setzt die Anzahl von Trainingsepochen für ein Netz.</summary>
			<param name="name">Der Name des Netzes.</param>
			<param name="value">Die Anzahl der Trainingsepochen. Wird ignoriert, wenn Get "True" ist.</param>
			<param name="get">Abfragen?  "True" ermittelt den Wert, "False" setzt den Wert.</param>
			<returns>Die Anzahl der Epochen bei Erfolg, sonst eine Fehlermeldung.</returns>
			<example>Setzt die Anzahl von Trainingsepochen für das Netz "myANN" auf 10000:
            NeuralNetwork.Epochs("myANN", 10000, "False")</example>
		</member>
		<member name="M:SmallBasicANN.NeuralNetwork.LearningRate(Microsoft.SmallBasic.Library.Primitive,Microsoft.SmallBasic.Library.Primitive,Microsoft.SmallBasic.Library.Primitive)">
			<summary>Ermittelt oder setzt die Lernrate für ein Netz.</summary>
			<param name="name">Der Name des Netzes.</param>
			<param name="value">Die Lernrate (Wert zwischen 0 und 1). Wird ignoriert, wenn Get "True" ist.</param>
			<param name="get">Abfragen?  "True" ermittelt den Wert, "False" setzt den Wert.</param>
			<returns>Die Lernrate bei Erfolg, sonst eine Fehlermeldung.</returns>
			<example>Setzt die Lernrate für das Netz "myANN" auf 0.5:
            NeuralNetwork.LearningRate("myANN", 0.5, "False")</example>
		</member>
		<member name="M:SmallBasicANN.NeuralNetwork.Momentum(Microsoft.SmallBasic.Library.Primitive,Microsoft.SmallBasic.Library.Primitive,Microsoft.SmallBasic.Library.Primitive)">
			<summary>Ermittelt oder setzt das Moment für ein Netz.</summary>
			<param name="name">Der Name des Netzes.</param>
			<param name="value">Das Moment (Wert zwischen 0 und 1). Wird ignoriert, wenn Get "True" ist.</param>
			<param name="get">Abfragen?  "True" ermittelt den Wert, "False" setzt den Wert.</param>
			<returns>Das Moment bei Erfolg, sonst eine Fehlermeldung.</returns>
			<example>Setzt das Moment für das Netz "myANN" auf 0.1:
            NeuralNetwork.Momentum("myANN", 0.1, "False")</example>
		</member>
		<member name="M:SmallBasicANN.NeuralNetwork.SigmoidResponse(Microsoft.SmallBasic.Library.Primitive,Microsoft.SmallBasic.Library.Primitive,Microsoft.SmallBasic.Library.Primitive)">
			<summary>Ermittelt oder setzt die Sigmoid Antwort 1/(1+e^-x) für ein Netz.</summary>
			<param name="name">Der Name des Netzes.</param>
			<param name="value">Die Sigmoid Antwort (Wert zwischen 0 und 1). Wird ignoriert, wenn Get "True" ist.</param>
			<param name="get">Abfragen?  "True" ermittelt den Wert, "False" setzt den Wert.</param>
			<returns>Die Sigmoid Antwort bei Erfolg, sonst eine Fehlermeldung.</returns>
			<example>Setzt die Sigmoid Antwort für das Netz "myANN" auf 0.9:
            NeuralNetwork.SigmoidResponse("myANN", 0.9, "False")</example>
		</member>
		<member name="M:SmallBasicANN.NeuralNetwork.ErrorRequired(Microsoft.SmallBasic.Library.Primitive,Microsoft.SmallBasic.Library.Primitive,Microsoft.SmallBasic.Library.Primitive)">
			<summary>Ermittelt oder setzt den erforderlichen Fehlerwert für ein Netz.</summary>
			<param name="name">Der Name des Netzes.</param>
			<param name="value">Der Fehlerwert.</param>
			<param name="get">Abfragen?  "True" ermittelt den Wert, "False" setzt den Wert.</param>
			<returns>Der Fehlerwert bei Erfolg, sonst eine Fehlermeldung.</returns>
		</member>
	</members>
</doc>
