<?xml version="1.0" encoding="utf-8"?>
<SmallBasicExtensionList xmlns:xsi="http://www.w3.org/2001/XMLSchema-instance" xmlns:xsd="http://www.w3.org/2001/XMLSchema">
  <Version>1</Version>
  <numExtension>16</numExtension>
  <Extensions>
    <Extension>
      <Name>LitDev</Name>
      <Description>General Purpose Extension</Description>
      <Author>LitDev</Author>
      <WebSite>http://litdev.co.uk/</WebSite>
      <API>http://litdev.co.uk/LitDev.html</API>
      <ChangeLog>http://litdev.co.uk/ChangeLog.html</ChangeLog>
      <SBVersion>1.2.0.0</SBVersion>
      <ExtVersion>1.2.23.0</ExtVersion>
      <ZipLocation>http://litdev.co.uk/downloads/LitDev_v1.2.zip</ZipLocation>
      <dllFiles>
        <numFile>1</numFile>
        <Files>
          <File>LitDev.dll</File>
        </Files>
      </dllFiles>
      <xmlFiles>
        <numFile>2</numFile>
        <Files>
          <File>LitDev.xml</File>
        </Files>
        <Files>
          <File>LitDev.De.xml</File>
        </Files>
      </xmlFiles>
      <docFiles>
        <numFile>0</numFile>
      </docFiles>
      <sampleFiles>
        <numFile>0</numFile>
      </sampleFiles>
    </Extension>
  </Extensions>
  <Extensions>
    <Extension>
      <Name>LitDev</Name>
      <Description>General Purpose Extension</Description>
      <Author>LitDev</Author>
      <WebSite>http://litdev.co.uk/</WebSite>
      <API />
      <ChangeLog />
      <SBVersion>1.1.0.0</SBVersion>
      <ExtVersion>1.1.0.8</ExtVersion>
      <ZipLocation>http://litdev.co.uk/downloads/LitDev_v1.1.zip</ZipLocation>
      <dllFiles>
        <numFile>1</numFile>
        <Files>
          <File>LitDev.dll</File>
        </Files>
      </dllFiles>
      <xmlFiles>
        <numFile>2</numFile>
        <Files>
          <File>LitDev.xml</File>
        </Files>
        <Files>
          <File>LitDev.De.xml</File>
        </Files>
      </xmlFiles>
      <docFiles>
        <numFile>0</numFile>
      </docFiles>
      <sampleFiles>
        <numFile>0</numFile>
      </sampleFiles>
    </Extension>
  </Extensions>
  <Extensions>
    <Extension>
      <Name>LitDev</Name>
      <Description>General Purpose Extension</Description>
      <Author>LitDev</Author>
      <WebSite>http://litdev.co.uk/</WebSite>
      <API />
      <ChangeLog />
      <SBVersion>1.0.0.0</SBVersion>
      <ExtVersion>1.0.0.133</ExtVersion>
      <ZipLocation>http://litdev.co.uk/downloads/LitDev_v1.0.zip</ZipLocation>
      <dllFiles>
        <numFile>1</numFile>
        <Files>
          <File>LitDev.dll</File>
        </Files>
      </dllFiles>
      <xmlFiles>
        <numFile>2</numFile>
        <Files>
          <File>LitDev.xml</File>
        </Files>
        <Files>
          <File>LitDev.De.xml</File>
        </Files>
      </xmlFiles>
      <docFiles>
        <numFile>0</numFile>
      </docFiles>
      <sampleFiles>
        <numFile>0</numFile>
      </sampleFiles>
    </Extension>
  </Extensions>
  <Extensions>
    <Extension>
      <Name>LitDev3D</Name>
      <Description>Depreciated 3D Extension using irrlicht engine</Description>
      <Author>LitDev</Author>
      <WebSite>http://litdev.co.uk/</WebSite>
      <SBVersion>1.0.0.0</SBVersion>
      <ExtVersion>1.0.0.0</ExtVersion>
      <ZipLocation>http://litdev.co.uk/downloads/LitDev3D_64bit.zip</ZipLocation>
      <dllFiles>
        <numFile>2</numFile>
        <Files>
          <File>LitDev3D.dll</File>
        </Files>
        <Files>
          <File>LitDev3DEngine.dll</File>
        </Files>
      </dllFiles>
      <xmlFiles>
        <numFile>2</numFile>
        <Files>
          <File>LitDev3D.xml</File>
        </Files>
        <Files>
          <File>LitDev3D.De.xml</File>
        </Files>
      </xmlFiles>
      <docFiles>
        <numFile>0</numFile>
      </docFiles>
      <sampleFiles>
        <numFile>0</numFile>
      </sampleFiles>
    </Extension>
  </Extensions>
  <Extensions>
    <Extension>
      <Name>ESL</Name>
      <Description>Extended Small Basic Library</Description>
      <Author>Liam McSherry</Author>
      <WebSite />
      <API />
      <SBVersion>1.2.0.0</SBVersion>
      <ExtVersion>0.4.2.1</ExtVersion>
      <ZipLocation>http://litdev.co.uk/extensions/ESL_v1.2.zip</ZipLocation>
      <dllFiles>
        <numFile>1</numFile>
        <Files>
          <File>ESL.dll</File>
        </Files>
      </dllFiles>
      <xmlFiles>
        <numFile>2</numFile>
        <Files>
          <File>ESL.xml</File>
        </Files>
        <Files>
          <File>ESLFormats.xml</File>
        </Files>
      </xmlFiles>
      <docFiles>
        <numFile>0</numFile>
      </docFiles>
      <sampleFiles>
        <numFile>0</numFile>
      </sampleFiles>
    </Extension>
  </Extensions>
  <Extensions>
    <Extension>
      <Name>SB Joystick</Name>
      <Description>Joystick Control</Description>
      <Author>gungan37</Author>
      <SBVersion>1.2.0.0</SBVersion>
      <ExtVersion>1.0.0.0</ExtVersion>
      <ZipLocation>http://litdev.co.uk/extensions/SB Joystick_v1.2.zip</ZipLocation>
      <dllFiles>
        <numFile>1</numFile>
        <Files>
          <File>SB Joystick.dll</File>
        </Files>
      </dllFiles>
      <xmlFiles>
        <numFile>1</numFile>
        <Files>
          <File>SB Joystick.xml</File>
        </Files>
      </xmlFiles>
      <docFiles>
        <numFile>0</numFile>
      </docFiles>
      <sampleFiles>
        <numFile>0</numFile>
      </sampleFiles>
    </Extension>
  </Extensions>
  <Extensions>
    <Extension>
      <Name>FC</Name>
      <Description>Fremy Company</Description>
      <Author>Fremy Company</Author>
      <SBVersion>1.2.0.0</SBVersion>
      <ExtVersion>2.3.1.0</ExtVersion>
      <ZipLocation>http://litdev.co.uk/extensions/FC_v1.2.zip</ZipLocation>
      <dllFiles>
        <numFile>1</numFile>
        <Files>
          <File>FC.dll</File>
        </Files>
      </dllFiles>
      <xmlFiles>
        <numFile>1</numFile>
        <Files>
          <File>FC.xml</File>
        </Files>
      </xmlFiles>
      <docFiles>
        <numFile>0</numFile>
      </docFiles>
      <sampleFiles>
        <numFile>0</numFile>
      </sampleFiles>
    </Extension>
  </Extensions>
  <Extensions>
    <Extension>
      <Name>OculusSB</Name>
      <Description>Oculus Rift Extension</Description>
      <Author>Zock77</Author>
      <SBVersion>1.2.0.0</SBVersion>
      <ExtVersion>1.0.0.0</ExtVersion>
      <ZipLocation>http://litdev.co.uk/extensions/OculusSB_v1.2.zip</ZipLocation>
      <dllFiles>
        <numFile>2</numFile>
        <Files>
          <File>OculusSB.dll</File>
        </Files>
        <Files>
          <File>MathFuncDll.dll</File>
        </Files>
      </dllFiles>
      <xmlFiles>
        <numFile>1</numFile>
        <Files>
          <File>OculusSB.xml</File>
        </Files>
      </xmlFiles>
      <docFiles>
        <numFile>0</numFile>
      </docFiles>
      <sampleFiles>
        <numFile>0</numFile>
      </sampleFiles>
    </Extension>
  </Extensions>
  <Extensions>
    <Extension>
      <Name>Jibba</Name>
      <Description>X-Extension Set</Description>
      <Author>Jibba Jabba</Author>
      <WebSite>http://getjibba.com/</WebSite>
      <API>http://getjibba.com/extensions/</API>
      <SBVersion>1.2.0.0</SBVersion>
      <ExtVersion>1.0.0.0</ExtVersion>
      <ZipLocation>http://getjibba.com/downloads/XExtension.zip</ZipLocation>
      <dllFiles>
        <numFile>1</numFile>
        <Files>
          <File>Jibba.dll</File>
        </Files>
      </dllFiles>
      <xmlFiles>
        <numFile>1</numFile>
        <Files>
          <File>Jibba.xml</File>
        </Files>
      </xmlFiles>
      <docFiles>
        <numFile>0</numFile>
      </docFiles>
      <sampleFiles>
        <numFile>0</numFile>
      </sampleFiles>
    </Extension>
  </Extensions>
  <Extensions>
    <Extension>
      <Name>QRCodemaker</Name>
      <Description>QRCode or Barcode</Description>
      <Author>NaochanON</Author>
      <WebSite>https://social.msdn.microsoft.com/Forums/en-US/a232f218-6eb4-4515-923a-d774068c826f/my-1st-extension-for-qrcodebarcodecode39?forum=smallbasic</WebSite>
      <API />
      <SBVersion>1.2.0.0</SBVersion>
      <ExtVersion>0.0.0.0</ExtVersion>
      <ZipLocation>http://litdev.co.uk/extensions/QRCodemaker_v1.2.zip</ZipLocation>
      <dllFiles>
        <numFile>2</numFile>
        <Files>
          <File>QRCodemaker.dll</File>
        </Files>
        <Files>
          <File>DotNetBarcode.dll</File>
        </Files>
      </dllFiles>
      <xmlFiles>
        <numFile>1</numFile>
        <Files>
          <File>QRCodemaker.xml</File>
        </Files>
      </xmlFiles>
      <docFiles>
        <numFile>0</numFile>
      </docFiles>
      <sampleFiles>
        <numFile>0</numFile>
      </sampleFiles>
    </Extension>
  </Extensions>
  <Extensions>
    <Extension>
      <Name>Zock77</Name>
      <Description>Zock77 Extension</Description>
      <Author>Zock77</Author>
      <SBVersion>1.2.0.0</SBVersion>
      <ExtVersion>1.0.0.0</ExtVersion>
      <ZipLocation>http://litdev.co.uk/extensions/Zock77_v1.2.zip</ZipLocation>
      <dllFiles>
        <numFile>1</numFile>
        <Files>
          <File>Zock77.dll</File>
        </Files>
      </dllFiles>
      <xmlFiles>
        <numFile>1</numFile>
        <Files>
          <File>Zock77.xml</File>
        </Files>
      </xmlFiles>
      <docFiles>
        <numFile>0</numFile>
      </docFiles>
      <sampleFiles>
        <numFile>0</numFile>
      </sampleFiles>
    </Extension>
  </Extensions>
  <Extensions>
    <Extension>
      <Name>SayPlus</Name>
      <Description>Say Plus Extension</Description>
      <Author>AshkoreDracson</Author>
      <WebSite>https://social.msdn.microsoft.com/Forums/en-US/918fcd6d-ded4-4118-a303-3039026b3a91/sayplus-extension-v132-open-source?forum=smallbasic</WebSite>
      <SBVersion>1.2.0.0</SBVersion>
      <ExtVersion>1.2.0.1</ExtVersion>
      <ZipLocation>http://litdev.co.uk/extensions/SayPlus_v1.2.zip</ZipLocation>
      <dllFiles>
        <numFile>1</numFile>
        <Files>
          <File>SayPlus.dll</File>
        </Files>
      </dllFiles>
      <xmlFiles>
        <numFile>2</numFile>
        <Files>
          <File>SayPlus.xml</File>
        </Files>
        <Files>
          <File>SayPlus.De.xml</File>
        </Files>
      </xmlFiles>
      <docFiles>
        <numFile>0</numFile>
      </docFiles>
      <sampleFiles>
        <numFile>0</numFile>
      </sampleFiles>
    </Extension>
  </Extensions>
  <Extensions>
    <Extension>
      <Name>PowerArrayV1</Name>
      <Description>Fast Arrays</Description>
      <Author>EzyMPC</Author>
      <WebSite>https://social.msdn.microsoft.com/Forums/en-US/3ca1336b-4e72-4cce-9bd7-8301120b703d/power-array-extension-high-performance-array-handling-for-small-basic?forum=smallbasic</WebSite>
      <SBVersion>1.2.0.0</SBVersion>
      <ExtVersion>1.0.0.0</ExtVersion>
      <ZipLocation>http://litdev.co.uk/extensions/PowerArray_v1.2.zip</ZipLocation>
      <dllFiles>
        <numFile>1</numFile>
        <Files>
          <File>PowerArrayV1.dll</File>
        </Files>
      </dllFiles>
      <xmlFiles>
        <numFile>2</numFile>
        <Files>
          <File>PowerArrayV1.xml</File>
        </Files>
        <Files>
          <File>PowerArrayV1.De.xml</File>
        </Files>
      </xmlFiles>
      <docFiles>
        <numFile>0</numFile>
      </docFiles>
      <sampleFiles>
        <numFile>0</numFile>
      </sampleFiles>
    </Extension>
  </Extensions>
  <Extensions>
    <Extension>
      <Name>SmallBasicANN</Name>
      <Description>Neural Network Extension</Description>
      <Author>EzyMPC</Author>
      <WebSite>https://social.msdn.microsoft.com/Forums/en-US/6bd8075b-691e-4761-ad33-0ba8c2635d15/neural-network-extension</WebSite>
      <SBVersion>1.2.0.0</SBVersion>
      <ExtVersion>1.0.0.0</ExtVersion>
      <ZipLocation>http://litdev.co.uk/extensions/SmallBasicANN_v1.2.zip</ZipLocation>
      <dllFiles>
        <numFile>1</numFile>
        <Files>
          <File>SmallBasicANN.dll</File>
        </Files>
      </dllFiles>
      <xmlFiles>
        <numFile>1</numFile>
        <Files>
          <File>SmallBasicANN.xml</File>
        </Files>
      </xmlFiles>
      <docFiles>
        <numFile>0</numFile>
      </docFiles>
      <sampleFiles>
        <numFile>0</numFile>
      </sampleFiles>
    </Extension>
  </Extensions>
  <Extensions>
    <Extension>
      <Name>Excel4SmallBasic</Name>
      <Description>Read and write Excel cell values</Description>
      <Author>JSakamoto</Author>
      <WebSite>https://archive.codeplex.com/?p=excel4smallbasic</WebSite>
      <SBVersion>1.2.0.0</SBVersion>
      <ExtVersion>1.2.1.2</ExtVersion>
      <ZipLocation>http://litdev.co.uk/extensions/Excel4SmallBasic_v1.2.zip</ZipLocation>
      <dllFiles>
        <numFile>1</numFile>
        <Files>
          <File>Excel4SmallBasic.dll</File>
        </Files>
      </dllFiles>
      <xmlFiles>
        <numFile>1</numFile>
        <Files>
          <File>Excel4SmallBasic.xml</File>
        </Files>
      </xmlFiles>
      <docFiles>
        <numFile>0</numFile>
      </docFiles>
      <sampleFiles>
        <numFile>0</numFile>
      </sampleFiles>
    </Extension>
  </Extensions>
  <Extensions>
    <Extension>
      <Name>IO Extension</Name>
      <Description>General Purpose Extension</Description>
      <Author>gungan37</Author>
      <WebSite>https://social.msdn.microsoft.com/Forums/en-US/8a206925-8c0b-4d3c-939d-31cea582ff9e/new-extension-io-extension?forum=smallbasic#557b885f-92a3-4e89-ac82-7ea6fd4823aa</WebSite>
      <SBVersion>1.2.0.0</SBVersion>
      <ExtVersion>1.0.0.0</ExtVersion>
      <ZipLocation>http://litdev.co.uk/extensions/IOExtension_v1.2.zip</ZipLocation>
      <dllFiles>
        <numFile>6</numFile>
        <Files>
          <File>IO Extension.dll</File>
        </Files>
        <Files>
          <File>Microsoft.WindowsAPICodePack.dll</File>
        </Files>
        <Files>
          <File>Microsoft.WindowsAPICodePack.Shell.dll</File>
        </Files>
        <Files>
          <File>NSort.dll</File>
        </Files>
        <Files>
          <File>System.Windows.Forms.Ribbon.dll</File>
        </Files>
        <Files>
          <File>Windows7.SensorAndLocation.dll</File>
        </Files>
      </dllFiles>
      <xmlFiles>
        <numFile>1</numFile>
        <Files>
          <File>IO Extension.xml</File>
        </Files>
      </xmlFiles>
      <docFiles>
        <numFile>0</numFile>
      </docFiles>
      <sampleFiles>
        <numFile>0</numFile>
      </sampleFiles>
    </Extension>
  </Extensions>
</SmallBasicExtensionList>