<?xml version="1.0"?>
<doc>
    <assembly>
        <name>SB Joystick</name>
    </assembly>
    <members>
        <member name="T:SB_Joystick.JoystickForSmallBasic">
            <summary>
            Provides methods for interacting with joysticks / game contollers / racing wheels / pedals / flight yokes / etc.
            </summary>
        </member>
        <member name="M:SB_Joystick.JoystickForSmallBasic.GetPOV(Microsoft.SmallBasic.Library.Primitive)">
            <summary>
            Gets the state of the POV hat with a given index
            </summary>
            <param name="Index">The number of the POV hat (starting with zero)</param>
            <returns>"True" for pressed or "False" for not pressed</returns>
        </member>
        <member name="M:SB_Joystick.JoystickForSmallBasic.GetButton(Microsoft.SmallBasic.Library.Primitive)">
            <summary>
            Gets the state of the button with a given index
            </summary>
            <param name="Index">The number of the button (starting with zero)</param>
            <returns>"True" for pressed or "False" for not pressed</returns>
        </member>
        <member name="M:SB_Joystick.JoystickForSmallBasic.GetSlider(Microsoft.SmallBasic.Library.Primitive)">
            <summary>
            Gets the state of the slider with a given index
            </summary>
            <param name="Index">The number of the slider (starting with zero)</param>
            <returns>0 to 65536</returns>
        </member>
        <member name="P:SB_Joystick.JoystickForSmallBasic.AxesCount">
            <summary>
            The number of axes on the first game controller.
            </summary>
        </member>
        <member name="P:SB_Joystick.JoystickForSmallBasic.ButtonCount">
            <summary>
            The number of buttons on the first game controller.
            </summary>
        </member>
        <member name="P:SB_Joystick.JoystickForSmallBasic.POVCount">
            <summary>
            The number of point-of-view (POV) hats on the first game controller.
            </summary>
        </member>
        <member name="P:SB_Joystick.JoystickForSmallBasic.AxisX">
            <summary>
            Gets the state of the X axis
            </summary>
            <returns>0 to 65536</returns>
        </member>
        <member name="P:SB_Joystick.JoystickForSmallBasic.AxisY">
            <summary>
            Gets the state of the Y axis
            </summary>
            <returns>0 to 65536</returns>
        </member>
        <member name="P:SB_Joystick.JoystickForSmallBasic.AxisZ">
            <summary>
            Gets the state of the Z axis
            </summary>
            <returns>0 to 65536</returns>
        </member>
        <member name="P:SB_Joystick.JoystickForSmallBasic.AxisXRotation">
            <summary>
            Gets the state of the X axis rotation
            </summary>
            <returns>0 to 65536</returns>
        </member>
        <member name="P:SB_Joystick.JoystickForSmallBasic.AxisYRotation">
            <summary>
            Gets the state of the Y axis rotation
            </summary>
            <returns>0 to 65536</returns>
        </member>
        <member name="P:SB_Joystick.JoystickForSmallBasic.AxisZRotation">
            <summary>
            Gets the state of the Z axis rotation
            </summary>
            <returns>0 to 65536</returns>
        </member>
        <member name="P:SB_Joystick.JoystickForSmallBasic.FirmwareRevision">
            <summary>
            Gets the firmware revision of the first joystick
            </summary>
            <returns>The version number of the firmware</returns>
        </member>
        <member name="T:SB_Joystick.JoystickForSmallBasicAdvanced">
            <summary>
            Provides methods for Primitiveeracting with joysticks / game contollers / racing wheels / pedals / flight yokes / etc. This class is reccomended for advanced users.
            </summary>
        </member>
        <member name="M:SB_Joystick.JoystickForSmallBasicAdvanced.Acquire">
            <summary>
            Acquire the first joystick / game controller. This must be done before polling the joystick.
            </summary>
        </member>
        <member name="M:SB_Joystick.JoystickForSmallBasicAdvanced.Unacquire">
            <summary>
            Unacquire the first joystick. This must be done after polling is over.
            </summary>
        </member>
        <member name="M:SB_Joystick.JoystickForSmallBasicAdvanced.GetButton(Microsoft.SmallBasic.Library.Primitive)">
            <summary>
            Gets the state of the button with a given index
            </summary>
            <param name="Index">The number of the button (starting with zero)</param>
            <returns>"True" for pressed or "False" for not pressed</returns>
        </member>
        <member name="M:SB_Joystick.JoystickForSmallBasicAdvanced.GetSlider(Microsoft.SmallBasic.Library.Primitive)">
            <summary>
            Gets the state of the slider with a given index
            </summary>
            <param name="Index">The number of the slider (starting with zero)</param>
            <returns>0 to 65536</returns>
        </member>
        <member name="M:SB_Joystick.JoystickForSmallBasicAdvanced.GetPOV(Microsoft.SmallBasic.Library.Primitive)">
            <summary>
            Gets the state of the POV hat with a given index
            </summary>
            <param name="Index">The number of the POV hat (starting with zero)</param>
            <returns>"True" for pressed or "False" for not pressed</returns>
        </member>
        <member name="M:SB_Joystick.JoystickForSmallBasicAdvanced.GetX">
            <summary>
            Gets the state of the X axis
            </summary>
            <returns>0 to 65536</returns>
        </member>
        <member name="M:SB_Joystick.JoystickForSmallBasicAdvanced.GetY">
            <summary>
            Gets the state of the Y axis
            </summary>
            <returns>0 to 65536</returns>
        </member>
        <member name="M:SB_Joystick.JoystickForSmallBasicAdvanced.GetZ">
            <summary>
            Gets the state of the Z axis
            </summary>
            <returns>0 to 65536</returns>
        </member>
        <member name="M:SB_Joystick.JoystickForSmallBasicAdvanced.GetXRot">
            <summary>
            Gets the state of the X axis rotation
            </summary>
            <returns>0 to 65536</returns>
        </member>
        <member name="M:SB_Joystick.JoystickForSmallBasicAdvanced.GetYRot">
            <summary>
            Gets the state of the Y axis rotation
            </summary>
            <returns>0 to 65536</returns>
        </member>
        <member name="M:SB_Joystick.JoystickForSmallBasicAdvanced.GetZRot">
            <summary>
            Gets the state of the Z axis rotation
            </summary>
            <returns>0 to 65536</returns>
        </member>
        <member name="P:SB_Joystick.JoystickForSmallBasicAdvanced.POVCount">
            <summary>
            The number of poPrimitive-of-view (POV) hats on the first game controller.
            </summary>
        </member>
        <member name="P:SB_Joystick.JoystickForSmallBasicAdvanced.AxesCount">
            <summary>
            The number of axes on the first game controller.
            </summary>
        </member>
        <member name="P:SB_Joystick.JoystickForSmallBasicAdvanced.ButtonCount">
            <summary>
            The number of buttons on the first game controller.
            </summary>
        </member>
        <member name="P:SB_Joystick.JoystickForSmallBasicAdvanced.FirmwareRevision">
            <summary>
            Gets the firmware revision of the first joystick
            </summary>
            <returns>The version number of the firmware</returns>
        </member>
    </members>
</doc>
