<?xml version="1.0"?>
<doc>
    <assembly>
        <name>OculusSB</name>
    </assembly>
    <members>
        <member name="T:Small_Basic_Extension_Tutorial.OculusRiftSB">
            <summary>
            An extension for reading the Oculus rift with Smallbasic
            </summary>
        </member>
        <member name="M:Small_Basic_Extension_Tutorial.OculusRiftSB.PollRift">
            <summary>
            Polls the Rift. Updates the Roll, Yaw and Pitch functions.
            </summary>
             <returns>Nothing</returns>
        </member>
        <member name="M:Small_Basic_Extension_Tutorial.OculusRiftSB.GetYaw">
            <summary>
            Gets the yaw of the oculus rift at the time of the last poll.
            </summary>
            <returns>The yaw of the oculus</returns>
        </member>
        <member name="M:Small_Basic_Extension_Tutorial.OculusRiftSB.GetRoll">
            <summary>
            Gets the roll of the oculus rift at the time of the last poll.
            </summary>
            <returns>The roll of the oculus</returns>
        </member>
        <member name="M:Small_Basic_Extension_Tutorial.OculusRiftSB.GetPitch">
            <summary>
            Gets the pitch of the oculus rift at the time of the last poll.
            </summary>
            <returns>The Pitch of the oculus</returns>
        </member>
    </members>
</doc>
