<?xml version="1.0" encoding="UTF-8"?>
<doc>
    <assembly>
        <name>LitDev3D</name>
    </assembly>
    <members>
        <member name="T:LitDev3D.LD3D">
             <summary>
             Eine 3D Engine für SB, welche die Irrlicht Engine (http://irrlicht.sourceforge.net/) verwendet.
            
             Das Koordinatensystem ist X (links nach rechts), Y (unten nach oben) und Z (vorne nach hinten).
             Bewegung mit den Pfeiltasten oder W,S,A,D und Escape zum Beenden.
             </summary>
        </member>
        <member name="M:LitDev3D.LD3D.timerThread">
            <summary>
            Den Timer Aufruf asynchron durchführen, um die Animation am Laufen zu halten und 'Clashing' zu vermeiden wenn der Aufruf vor dem nächsten Aufruf nicht beendet ist.
            </summary>
        </member>
        <member name="M:LitDev3D.LD3D.WasKeyDown(Microsoft.SmallBasic.Library.Primitive)">
            <summary>
            War die genannte Taste gedrückt, seit sie zuletzt geprüft wurde.
            Ein 'Taste gedrückt' Status wird nur auf "False" zurückgesetzt, nachdem er explizit mit diesem Befehl überprüft wurde oder ResetAllKeyDown() aufgerufen wurde.
            Nur alphanumerische, Funktion (Fn), Leertaste, Eingabe und Umschalt/Strg Tasten werden unterstützt.
            </summary>
            <param name="key">Der Tastenname.</param>
            <returns>"True" oder "False"</returns>
        </member>
        <member name="M:LitDev3D.LD3D.ResetAllKeyDown">
            <summary>
            Zurücksetzen des 'Gedrückt' Status aller Tasten auf "False".
            </summary>
        </member>
        <member name="M:LitDev3D.LD3D.Setup(Microsoft.SmallBasic.Library.Primitive,Microsoft.SmallBasic.Library.Primitive)">
            <summary>
            Aufsetzen der 3D Umgebung (Aufruf vor allen weiteren LD3D Befehlen).
            </summary>
            <param name="fullScreen">"True" oder "False".</param>
            <param name="colour">Die Hintergrund (Sky) Farbe.</param>
            <returns>Der Name des hinzugefügten Kameraobjektes.</returns>
        </member>
        <member name="M:LitDev3D.LD3D.Start">
            <summary>
            Startet die LD3D Irrlicht Anzeige.
            </summary>
        </member>
        <member name="M:LitDev3D.LD3D.AddSkybox(Microsoft.SmallBasic.Library.Primitive,Microsoft.SmallBasic.Library.Primitive,Microsoft.SmallBasic.Library.Primitive,Microsoft.SmallBasic.Library.Primitive,Microsoft.SmallBasic.Library.Primitive,Microsoft.SmallBasic.Library.Primitive)">
            <summary>
            Fügt eine SkyBox hinzu. 6 Bilder sind erforderlich.
            </summary>
            <param name="up">Das obere Bild.</param>
            <param name="down">Das untere Bild.</param>
            <param name="left">Das linke Bild.</param>
            <param name="right">Das rechte Bild.</param>
            <param name="front">Das vordere Bild.</param>
            <param name="back">Das hintere Bild.</param>
            <returns></returns>
        </member>
        <member name="M:LitDev3D.LD3D.AddMountainSkybox">
            <summary>
            Fügt eine Standard Gebirge SkyBox hinzu.
            </summary>
            <returns></returns>
        </member>
        <member name="M:LitDev3D.LD3D.AddSkydome(Microsoft.SmallBasic.Library.Primitive)">
            <summary>
            Fügt einen SkyDome hinzu.
            </summary>
            <param name="sky">Bild für den SkyDome (Die obere Bildhälfte ist über dem Horizont, die untere Hälfte darunter).</param>
            <returns></returns>
        </member>
        <member name="M:LitDev3D.LD3D.AddCloudySkydome">
            <summary>
            Fügt einen Standard bewölkten SkyDome hinzu.
            </summary>
            <returns></returns>
        </member>
        <member name="M:LitDev3D.LD3D.AddCube">
            <summary>
            Fügt ein allgemeines Würfel/Kubus Objekt hinzu.
            </summary>
            <returns>Der Name des hinzugefügten Objektes.</returns>
        </member>
        <member name="M:LitDev3D.LD3D.AddSphere">
            <summary>
            Fügt ein allgemeines Sphere Objekt hinzu.
            </summary>
            <returns>Der Name des hinzugefügten Objektes.</returns>
        </member>
        <member name="M:LitDev3D.LD3D.Remove(Microsoft.SmallBasic.Library.Primitive)">
            <summary>
            Entfernt ein Objekt.
            </summary>
            <param name="name">Der Objektname.</param>
            <returns></returns>
        </member>
        <member name="M:LitDev3D.LD3D.AddAnimatedMesh(Microsoft.SmallBasic.Library.Primitive,Microsoft.SmallBasic.Library.Primitive,Microsoft.SmallBasic.Library.Primitive,Microsoft.SmallBasic.Library.Primitive)">
            <summary>
            Fügt ein allgemeines animiertes Gitternetz Objekt (*.b3d) hinzu.
            </summary>
            <param name="mesh"></param>
            <param name="startFrame">Der Startframe für das animierte Objekt.</param>
            <param name="endFrame">Der Endframe für das animierte Objekt.</param>
            <param name="fps">Anzahl Frames/sec für die Gitternetz Animation.</param>
            <returns>Der Name des hinzugefügten Objektes.</returns>
        </member>
        <member name="M:LitDev3D.LD3D.AddNinja(Microsoft.SmallBasic.Library.Primitive)">
            <summary>
            Ein Standard Ninja animiertes Gitternetz Objekt.
            </summary>
            <param name="colour">"Red" oder "Blue"</param>
            <returns>Der Name des hinzugefügten Objektes.</returns>
        </member>
        <member name="M:LitDev3D.LD3D.AddTerrain(Microsoft.SmallBasic.Library.Primitive,Microsoft.SmallBasic.Library.Primitive,Microsoft.SmallBasic.Library.Primitive,Microsoft.SmallBasic.Library.Primitive)">
            <summary>
            Fügt ein allgemeines Terrain hinzu.
            </summary>
            <param name="height">Ein Höhe Bitmap (*.bmp)</param>
            <param name="terrain">Das Haupt Terrainbild (*.jpg).</param>
            <param name="detail">Ein Detail Terrainbild (*.jpg).</param>
            <param name="gravity">Die Schwerkraft des Spielers (0 für Flug, 10 für normale Anziehung).</param>
            <returns>Der Name des hinzugefügten Objektes.</returns>
        </member>
        <member name="M:LitDev3D.LD3D.AddMountainTerrain(Microsoft.SmallBasic.Library.Primitive)">
            <summary>
            Ein Standard Terrain.
            </summary>
            <param name="gravity">Die Schwerkraft des Spielers (0 für Flug, 10 für normale Anziehung).</param>
            <returns>Der Name des hinzugefügten Objektes.</returns>
        </member>
        <member name="M:LitDev3D.LD3D.AddZip(Microsoft.SmallBasic.Library.Primitive)">
            <summary>
            Hinzufügen eines zip für Gitternetz Geometrieen.
            </summary>
            <param name="name">Die zip Gitternetz Datei (*.pk3)</param>
            <returns></returns>
        </member>
        <member name="M:LitDev3D.LD3D.AddQuakeMesh(Microsoft.SmallBasic.Library.Primitive,Microsoft.SmallBasic.Library.Primitive)">
            <summary>
            Eine Quake Gitternetz Datei innerhalb der Gitternetz-Datei zip hinzufügen.
            </summary>
            <param name="mesh">Die Quake Gitternetzt Datei (*.bsp)</param>
            <param name="gravity">Die Schwerkraft des Spielers (0 für Flug, 10 für normale Anziehung).</param>
            <returns>Der Name des hinzugefügten Objektes.</returns>
        </member>
        <member name="M:LitDev3D.LD3D.AddDungeonMesh(Microsoft.SmallBasic.Library.Primitive)">
            <summary>
            Ein Standard Quake Gitternetz hinzufügen.
            </summary>
            <param name="gravity">Die Schwerkraft des Spielers (0 für Flug, 10 für normale Anziehung).</param>
            <returns>Der Name des hinzugefügten Objektes.</returns>
        </member>
        <member name="M:LitDev3D.LD3D.SetTexture(Microsoft.SmallBasic.Library.Primitive,Microsoft.SmallBasic.Library.Primitive)">
            <summary>
            Setzt die Textur für ein Objekt.
            </summary>
            <param name="name">Der Objektname.</param>
            <param name="texture">Das Texturbild (*.bmp).</param>
            <returns></returns>
        </member>
        <member name="M:LitDev3D.LD3D.SetPosition(Microsoft.SmallBasic.Library.Primitive,Microsoft.SmallBasic.Library.Primitive,Microsoft.SmallBasic.Library.Primitive,Microsoft.SmallBasic.Library.Primitive)">
            <summary>
            Setzt die Position eines Objektes.
            </summary>
            <param name="name">Der Objektname.</param>
            <param name="X">Links-Rechts Position.</param>
            <param name="Y">Unten-Oben Position.</param>
            <param name="Z">Nahe-Fern Position.</param>
            <returns></returns>
        </member>
        <member name="M:LitDev3D.LD3D.GetPosition(Microsoft.SmallBasic.Library.Primitive)">
            <summary>
            Ermittelt die Position eines Objektes.
            </summary>
            <param name="name">Der Objektname.</param>
            <returns>Ein Array mit X, Y, Z Koordinaten.</returns>
        </member>
        <member name="M:LitDev3D.LD3D.SetScale(Microsoft.SmallBasic.Library.Primitive,Microsoft.SmallBasic.Library.Primitive,Microsoft.SmallBasic.Library.Primitive,Microsoft.SmallBasic.Library.Primitive)">
            <summary>
            Setzt die Abmessungen für ein Objekt.
            </summary>
            <param name="name">Der Objektname.</param>
            <param name="X">Links-Rechts Abmessung.</param>
            <param name="Y">Unten-Oben Abmessung.</param>
            <param name="Z">Nahe-Fern Abmessung.</param>
            <returns></returns>
        </member>
        <member name="M:LitDev3D.LD3D.SetRotation(Microsoft.SmallBasic.Library.Primitive,Microsoft.SmallBasic.Library.Primitive,Microsoft.SmallBasic.Library.Primitive,Microsoft.SmallBasic.Library.Primitive)">
            <summary>
            Bestimmt die Drehung eines Objektes.
            </summary>
            <param name="name">Der Objektname.</param>
            <param name="X">Links-Rechts Rotation (Grad).</param>
            <param name="Y">Unten-Oben Rotation (Grad).</param>
            <param name="Z">Nahe-Fern Rotation (Grad).</param>
            <returns></returns>
        </member>
        <member name="M:LitDev3D.LD3D.GetTerrainHeight(Microsoft.SmallBasic.Library.Primitive,Microsoft.SmallBasic.Library.Primitive)">
            <summary>
            Ermittelt das Bodenniveau.
            </summary>
            <param name="X">Links-Rechts Position.</param>
            <param name="Z">Nahe-Fern Position.</param>
            <returns>Das Bodenniveau.</returns>
        </member>
        <member name="M:LitDev3D.LD3D.SetVisible(Microsoft.SmallBasic.Library.Primitive,Microsoft.SmallBasic.Library.Primitive)">
            <summary>
            Bestimmt die Sichtbarkeit eines Objektes.
            </summary>
            <param name="name">Der Objektname.</param>
            <param name="visible">"True" oder "False"</param>
            <returns></returns>
        </member>
        <member name="M:LitDev3D.LD3D.AnimateTo(Microsoft.SmallBasic.Library.Primitive,Microsoft.SmallBasic.Library.Primitive,Microsoft.SmallBasic.Library.Primitive,Microsoft.SmallBasic.Library.Primitive,Microsoft.SmallBasic.Library.Primitive)">
            <summary>
            Bewegt an Objekt zu absoluten Kooordinaten.
            </summary>
            <param name="name">Der Objektname.</param>
            <param name="X">Links-Rechts Position.</param>
            <param name="Y">Unten-Oben Position.</param>
            <param name="Z">Nahe-Fern Position.</param>
            <param name="time">Die Animationsdauer (ms).</param>
            <returns></returns>
        </member>
        <member name="M:LitDev3D.LD3D.AnimateRelative(Microsoft.SmallBasic.Library.Primitive,Microsoft.SmallBasic.Library.Primitive,Microsoft.SmallBasic.Library.Primitive,Microsoft.SmallBasic.Library.Primitive,Microsoft.SmallBasic.Library.Primitive)">
            <summary>
            Bewegt ein Objekt relativ zu seiner aktuellen Position.
            </summary>
            <param name="name">Der Objektname.</param>
            <param name="X">Links-Rechts Position.</param>
            <param name="Y">Unten-Oben Position.</param>
            <param name="Z">Nahe-Fern Position.</param>
            <param name="time">Die Animationsdauer (ms).</param>
            <returns></returns>
        </member>
        <member name="M:LitDev3D.LD3D.AnimateOnTerrainTo(Microsoft.SmallBasic.Library.Primitive,Microsoft.SmallBasic.Library.Primitive,Microsoft.SmallBasic.Library.Primitive,Microsoft.SmallBasic.Library.Primitive)">
            <summary>
            Bewegt ein Objekt am Boden zu absoluten Kooordinaten.
            </summary>
            <param name="name">Der Objektname.</param>
            <param name="X">Links-Rechts Position.</param>
            <param name="Z">Nahe-Fern Position.</param>
            <param name="time">Die Animationsdauer (ms).</param>
            <returns></returns>
        </member>
        <member name="M:LitDev3D.LD3D.AnimateOnTerrainRelative(Microsoft.SmallBasic.Library.Primitive,Microsoft.SmallBasic.Library.Primitive,Microsoft.SmallBasic.Library.Primitive,Microsoft.SmallBasic.Library.Primitive)">
            <summary>
            Bewegt ein Objekt am Boden relativ zu seiner aktuellen Position.
            </summary>
            <param name="name">Der Objektname.</param>
            <param name="X">Links-Rechts Position.</param>
            <param name="Z">Nahe-Fern position.</param>
            <param name="time">Die Animationsdauer (ms).</param>
            <returns></returns>
        </member>
        <member name="M:LitDev3D.LD3D.AnimateRotation(Microsoft.SmallBasic.Library.Primitive,Microsoft.SmallBasic.Library.Primitive,Microsoft.SmallBasic.Library.Primitive,Microsoft.SmallBasic.Library.Primitive)">
            <summary>
            Dreht ein Objekt kontinuierlich.
            </summary>
            <param name="name">Der Objektname.</param>
            <param name="X">Rotation um die X Achse in Grad/sec.</param>
            <param name="Y">Rotation um die Y Achse in Grad/sec.</param>
            <param name="Z">Rotation um die Z Achse in Grad/sec.</param>
            <returns></returns>
        </member>
        <member name="M:LitDev3D.LD3D.AnimateCircle(Microsoft.SmallBasic.Library.Primitive,Microsoft.SmallBasic.Library.Primitive,Microsoft.SmallBasic.Library.Primitive)">
            <summary>
            Animiert ein Objekt zum Flug in horizontalem Kreis um sein Zentrum mit dem angegebenen Radius.
            </summary>
            <param name="name">Der Objektname.</param>
            <param name="radius">Der Radius der Kreisdrehung.</param>
            <param name="speed">Die Rotationsgeschwindigkeit (Grad/sec).</param>
        </member>
        <member name="M:LitDev3D.LD3D.RemoveAnimators(Microsoft.SmallBasic.Library.Primitive)">
            <summary>
            Entfernt alle Animationen vom Objekt.
            </summary>
            <param name="name">Der Objektname.</param>
            <returns></returns>
        </member>
        <member name="M:LitDev3D.LD3D.SetGravity(Microsoft.SmallBasic.Library.Primitive,Microsoft.SmallBasic.Library.Primitive)">
            <summary>
            Setzen der Schwerkraft für ein Objekt.
            </summary>
            <param name="name">Der Objektname.</param>
            <param name="gravity">Die Schwerkraft des Objektes (0 für Flug, 10 für normale Anziehung).</param>
            <returns></returns>
        </member>
        <member name="M:LitDev3D.LD3D.GetCameraPosition">
            <summary>
            Ermittelt die Position der Kamera.
            </summary>
            <returns>Array der X, Y, Z Koordinaten.</returns>
        </member>
        <member name="M:LitDev3D.LD3D.GetCameraDirection">
            <summary>
            Ermittelt die Blickrichtung der Kamera bezogen auf die Längeneinheit.
            </summary>
            <returns>Array des X, Y, Z Vektors.</returns>
        </member>
        <member name="M:LitDev3D.LD3D.SetGlow(Microsoft.SmallBasic.Library.Primitive,Microsoft.SmallBasic.Library.Primitive,Microsoft.SmallBasic.Library.Primitive)">
            <summary>
            Setzt einen Glüheffekt für ein Objekt.
            </summary>
            <param name="name">Der Objektname.</param>
            <param name="colour">Die Glühfarbe.</param>
            <param name="radius">Der Radius des Glühens.</param>
            <returns></returns>
        </member>
        <member name="M:LitDev3D.LD3D.AddLight(Microsoft.SmallBasic.Library.Primitive,Microsoft.SmallBasic.Library.Primitive,Microsoft.SmallBasic.Library.Primitive,Microsoft.SmallBasic.Library.Primitive,Microsoft.SmallBasic.Library.Primitive)">
            <summary>
            Fügt ein Licht hinzu.
            </summary>
            <param name="X">Die X Koordinate des Lichtes.</param>
            <param name="Y">Die Y Koordinate des Lichtes.</param>
            <param name="Z">Die Z Koordinate des Lichtes.</param>
            <param name="colour">Die Lichtfarbe.</param>
            <param name="radius">Der Lichtradius.</param>
            <returns>Der Name des hinzugefügten Objektes.</returns>
        </member>
        <member name="M:LitDev3D.LD3D.AmbientLight(Microsoft.SmallBasic.Library.Primitive)">
            <summary>
            Umgebungslichtstärke und Farbe (beeinflußt the Helligkeit von Objekten indirekt, beleuchtet durch Licht).
            </summary>
            <param name="colour">Die Umgebungsfarbe (Standard 'White').</param>
        </member>
        <member name="M:LitDev3D.LD3D.AddFog(Microsoft.SmallBasic.Library.Primitive,Microsoft.SmallBasic.Library.Primitive)">
            <summary>
            Fügt einen Nebeleffekt hinzu.
            </summary>
            <param name="colour">Die Nebelfarbe</param>
            <param name="density">Die Nebeldichte.</param>
        </member>
        <member name="M:LitDev3D.LD3D.SetShininess(Microsoft.SmallBasic.Library.Primitive,Microsoft.SmallBasic.Library.Primitive)">
            <summary>
            Setzt die Größe von Glanzlichtern für ein Objekt (shininess).
            </summary>
            <param name="name">Der Objektname.</param>
            <param name="shininess">Der Glanz, 20 ist ein guter Wert (0.5 bis 128).</param>
        </member>
        <member name="M:LitDev3D.LD3D.SetCameraProperties(Microsoft.SmallBasic.Library.Primitive,Microsoft.SmallBasic.Library.Primitive,Microsoft.SmallBasic.Library.Primitive)">
            <summary>
            Setzt einige Eigenschaften der FPS Kamera.
            </summary>
            <param name="speed">Die Geschwindigkeit (Standardwert 500).</param>
            <param name="farfield">Die Sichtweite im Diffusfeld (Standardwert 10000).</param>
            <param name="gravity">Die Schwerkraft des Spielers (0 für Flug, 10 für normale Anziehung).</param>
        </member>
        <member name="M:LitDev3D.LD3D.AddBillBoard(Microsoft.SmallBasic.Library.Primitive,Microsoft.SmallBasic.Library.Primitive)">
            <summary>
            Hinzufügen einer 2D Anschlagtafel die stets vor der Kamera liegt.
            </summary>
            <param name="width">Die Breite der Anschlagtafel.</param>
            <param name="height">Die Höhe der Anschlagtafel.</param>
            <returns>Der Name des hinzugefügten Objektes.</returns>
        </member>
        <member name="M:LitDev3D.LD3D.GetType(Microsoft.SmallBasic.Library.Primitive)">
            <summary>
            Ermittelt einen String mit einer Beschreibung für den Objekttyp.
            </summary>
            <param name="name">Der Objektname.</param>
            <returns>Die Objekttyp-Beschreibung.</returns>
        </member>
        <member name="M:LitDev3D.LD3D.SetType(Microsoft.SmallBasic.Library.Primitive,Microsoft.SmallBasic.Library.Primitive)">
            <summary>
            Setzt einen Beschreibungsstring für den Objekttyp zum Ersetzen des Standardwertes.
            Hilfreich zur Erkennung zB. spezieller Kollisionskombinationen.
            </summary>
            <param name="name">Der Objektname.</param>
            <param name="type">Die Objekttyp Beschreibung.</param>
            <returns></returns>
        </member>
        <member name="P:LitDev3D.LD3D.CollisionObject1">
            <summary>
            Das erste kollidierte Objekt.
            </summary>
        </member>
        <member name="P:LitDev3D.LD3D.CollisionObject2">
            <summary>
            Das zweite kollidierte Objekt.
            </summary>
        </member>
        <member name="P:LitDev3D.LD3D.ClickObject">
            <summary>
            Das zuletzt angeklickte Objekt.
            </summary>
        </member>
        <member name="P:LitDev3D.LD3D.ConsoleMessages">
            <summary>
            Ausgabe von Fehler und Warnungen an die Konsole ("True" oder "False").
            </summary>
        </member>
        <member name="E:LitDev3D.LD3D.Timer">
            <summary>
            Ereignis welches alle 100ms auftritt. Zur Kontrolle des Spielablaufes.
            </summary>
        </member>
        <member name="E:LitDev3D.LD3D.Collision">
            <summary>
            Ereignis welches stattfindet wenn zwei Objekte kollidieren.
            Um für dieses Ereignis mehrfaches Auslösen zu vermeiden, wird eine kurze Verzögerung (zB. 100ms) am Ende dieser Ereignis-Sub empfohlen.
            Die Objektnamen werden mittels CollisionObject1 und CollisionObject2 abgerufen in der Reihenfolge in der sie hinzugefügt wurden.
            Nur hinzugefügte Objekte werden erkannt, nicht zB. Kollision mit Terrain.
            </summary>
        </member>
        <member name="E:LitDev3D.LD3D.Click">
            <summary>
            Ereignis welches stattfindet, wenn ein Objekt vor der Kamera per Mauszeiger angeklickt wird.
            Der Objektname wird mittels ClickObject abgerufen.
            </summary>
        </member>
        <member name="T:LitDev3D.Properties.Resources">
            <summary>
              Eine stark typisierte Ressourceklasse zur Suche nach lokalisierten Strings usw.
            </summary>
        </member>
        <member name="P:LitDev3D.Properties.Resources.ResourceManager">
            <summary>
              Gibt die zwischengespeicherte Ressourcemanager Instanz zurück, die von dieser Klasse verwendet wird.
            </summary>
        </member>
        <member name="P:LitDev3D.Properties.Resources.Culture">
            <summary>
              Overrides des aktuellen Threads CurrentUICulture Eigenschaft für alle
              Ressourcesuchen using diese stark typisierte Ressourceklasse.
            </summary>
        </member>
        <member name="P:LitDev3D.Properties.Resources.detailmap3">
            <summary>
              Sucht eine lokalisierte Ressource vom Typ System.Drawing.Bitmap.
            </summary>
        </member>
        <member name="P:LitDev3D.Properties.Resources.fireball">
            <summary>
              Sucht eine lokalisierte Ressource vom Typ System.Drawing.Bitmap.
            </summary>
        </member>
        <member name="P:LitDev3D.Properties.Resources.irrlicht2_bk">
            <summary>
              Sucht eine lokalisierte Ressource vom Typ System.Drawing.Bitmap.
            </summary>
        </member>
        <member name="P:LitDev3D.Properties.Resources.irrlicht2_dn">
            <summary>
              Sucht eine lokalisierte Ressource vom Typ System.Drawing.Bitmap.
            </summary>
        </member>
        <member name="P:LitDev3D.Properties.Resources.irrlicht2_ft">
            <summary>
              Sucht eine lokalisierte Ressource vom Typ System.Drawing.Bitmap.
            </summary>
        </member>
        <member name="P:LitDev3D.Properties.Resources.irrlicht2_lf">
            <summary>
              Sucht eine lokalisierte Ressource vom Typ System.Drawing.Bitmap.
            </summary>
        </member>
        <member name="P:LitDev3D.Properties.Resources.irrlicht2_rt">
            <summary>
              Sucht eine lokalisierte Ressource vom Typ System.Drawing.Bitmap.
            </summary>
        </member>
        <member name="P:LitDev3D.Properties.Resources.irrlicht2_up">
            <summary>
              Sucht eine lokalisierte Ressource vom Typ System.Drawing.Bitmap.
            </summary>
        </member>
        <member name="P:LitDev3D.Properties.Resources.map_20kdm2">
            <summary>
              Sucht eine lokalisierte Ressource vom Typ System.Byte[].
            </summary>
        </member>
        <member name="P:LitDev3D.Properties.Resources.ninja">
            <summary>
              Sucht eine lokalisierte Ressource vom Typ System.Byte[].
            </summary>
        </member>
        <member name="P:LitDev3D.Properties.Resources.nskinbl">
            <summary>
              Sucht eine lokalisierte Ressource vom Typ System.Drawing.Bitmap.
            </summary>
        </member>
        <member name="P:LitDev3D.Properties.Resources.nskinrd">
            <summary>
              Sucht eine lokalisierte Ressource vom Typ System.Drawing.Bitmap.
            </summary>
        </member>
        <member name="P:LitDev3D.Properties.Resources.particlewhite">
            <summary>
              Sucht eine lokalisierte Ressource vom Typ System.Drawing.Bitmap.
            </summary>
        </member>
        <member name="P:LitDev3D.Properties.Resources.skydome">
            <summary>
              Sucht eine lokalisierte Ressource vom Typ System.Drawing.Bitmap.
            </summary>
        </member>
        <member name="P:LitDev3D.Properties.Resources.terrain_heightmap">
            <summary>
              Sucht eine lokalisierte Ressource vom Typ System.Drawing.Bitmap.
            </summary>
        </member>
        <member name="P:LitDev3D.Properties.Resources.terrain_texture">
            <summary>
              Sucht eine lokalisierte Ressource vom Typ System.Drawing.Bitmap.
            </summary>
        </member>
    </members>
</doc>
