<?xml version="1.0"?>
<doc>
    <assembly>
        <name>LitDev3D</name>
    </assembly>
    <members>
        <member name="T:LitDev3D.LD3D">
             <summary>
             A 3D engine for SmallBasic using the irrlicht engine (http://irrlicht.sourceforge.net/).
            
             The coordinate system is X (left to right) Y (down to up) and Z (front to back).
             Move with the arrow keys or WSAD and use Escape to end.
             </summary>
        </member>
        <member name="M:LitDev3D.LD3D.timerThread">
            <summary>
            Do the timer callback asynchronously to keep the animation going, and prevent clashing if the callback is not finished before the next call.
            </summary>
        </member>
        <member name="M:LitDev3D.LD3D.WasKeyDown(Microsoft.SmallBasic.Library.Primitive)">
            <summary>
            Was the named key down since it was last checked.
            A key down state will only be reset to "False" after it is checked explicitly with this command or ResetAllKeyDown() is called.
            Only alpha-numeric, function, space, return and shift/control keys supported.
            </summary>
            <param name="key">The key name.</param>
            <returns>"True" or "False"</returns>
        </member>
        <member name="M:LitDev3D.LD3D.ResetAllKeyDown">
            <summary>
            Reset the down state of all keys to "False".
            </summary>
        </member>
        <member name="M:LitDev3D.LD3D.Setup(Microsoft.SmallBasic.Library.Primitive,Microsoft.SmallBasic.Library.Primitive)">
            <summary>
            Setup the 3D environment (called before all other LD3D commands).
            </summary>
            <param name="fullScreen">"True" or "False".</param>
            <param name="colour">The background (sky) colour.</param>
            <returns>The added camera object name.</returns>
        </member>
        <member name="M:LitDev3D.LD3D.Start">
            <summary>
            Start LD3D Irrlicht display.
            </summary>
        </member>
        <member name="M:LitDev3D.LD3D.AddSkybox(Microsoft.SmallBasic.Library.Primitive,Microsoft.SmallBasic.Library.Primitive,Microsoft.SmallBasic.Library.Primitive,Microsoft.SmallBasic.Library.Primitive,Microsoft.SmallBasic.Library.Primitive,Microsoft.SmallBasic.Library.Primitive)">
            <summary>
            Add a skybox.  6 images are required.
            </summary>
            <param name="up">The up image.</param>
            <param name="down">The down image.</param>
            <param name="left">The left image.</param>
            <param name="right">The right image.</param>
            <param name="front">The front image.</param>
            <param name="back">The back image.</param>
            <returns></returns>
        </member>
        <member name="M:LitDev3D.LD3D.AddMountainSkybox">
            <summary>
            Add a default mountain skybox.
            </summary>
            <returns></returns>
        </member>
        <member name="M:LitDev3D.LD3D.AddSkydome(Microsoft.SmallBasic.Library.Primitive)">
            <summary>
            Add a skydome.
            </summary>
            <param name="sky">Image for the skydome (top half of image is above the horizon, the bottom half is below the horizon).</param>
            <returns></returns>
        </member>
        <member name="M:LitDev3D.LD3D.AddCloudySkydome">
            <summary>
            Add a default cloudy skydome.
            </summary>
            <returns></returns>
        </member>
        <member name="M:LitDev3D.LD3D.AddCube">
            <summary>
            Add a general cube object.
            </summary>
            <returns>The added object name.</returns>
        </member>
        <member name="M:LitDev3D.LD3D.AddSphere">
            <summary>
            Add a general sphere object.
            </summary>
            <returns>The added object name.</returns>
        </member>
        <member name="M:LitDev3D.LD3D.Remove(Microsoft.SmallBasic.Library.Primitive)">
            <summary>
            Remove an object.
            </summary>
            <param name="name">The object name.</param>
            <returns></returns>
        </member>
        <member name="M:LitDev3D.LD3D.AddAnimatedMesh(Microsoft.SmallBasic.Library.Primitive,Microsoft.SmallBasic.Library.Primitive,Microsoft.SmallBasic.Library.Primitive,Microsoft.SmallBasic.Library.Primitive)">
            <summary>
            Add a general animated mesh object (*.b3d).
            </summary>
            <param name="mesh"></param>
            <param name="startFrame">The starting frame for the animated object.</param>
            <param name="endFrame">The end fame for the animated object.</param>
            <param name="fps">The frames per second for the mesh animation.</param>
            <returns>The added object name.</returns>
        </member>
        <member name="M:LitDev3D.LD3D.AddNinja(Microsoft.SmallBasic.Library.Primitive)">
            <summary>
            A default nija animated mesh object.
            </summary>
            <param name="colour">"Red" or "Blue"</param>
            <returns>The added object name.</returns>
        </member>
        <member name="M:LitDev3D.LD3D.AddTerrain(Microsoft.SmallBasic.Library.Primitive,Microsoft.SmallBasic.Library.Primitive,Microsoft.SmallBasic.Library.Primitive,Microsoft.SmallBasic.Library.Primitive)">
            <summary>
            Add a general terrain.
            </summary>
            <param name="height">A heght bitmap (*.bmp)</param>
            <param name="terrain">The main terain image (*.jpg).</param>
            <param name="detail">A detail terrain image (*.jpg).</param>
            <param name="gravity">Gravity of player (0 to fly, 10 for normal gravity).</param>
            <returns>The added object name.</returns>
        </member>
        <member name="M:LitDev3D.LD3D.AddMountainTerrain(Microsoft.SmallBasic.Library.Primitive)">
            <summary>
            A default terrain.
            </summary>
            <param name="gravity">Gravity of player (0 to fly, 10 for normal gravity).</param>
            <returns>The added object name.</returns>
        </member>
        <member name="M:LitDev3D.LD3D.AddZip(Microsoft.SmallBasic.Library.Primitive)">
            <summary>
            Add a zip for mesh geometries.
            </summary>
            <param name="name">The zip mesh file (*.pk3)</param>
            <returns></returns>
        </member>
        <member name="M:LitDev3D.LD3D.AddQuakeMesh(Microsoft.SmallBasic.Library.Primitive,Microsoft.SmallBasic.Library.Primitive)">
            <summary>
            A Quake mesh file within zip mesh file.
            </summary>
            <param name="mesh">The Quake mesh file (*.bsp)</param>
            <param name="gravity">Gravity of player (0 to fly, 10 for normal gravity).</param>
            <returns>The added object name.</returns>
        </member>
        <member name="M:LitDev3D.LD3D.AddDungeonMesh(Microsoft.SmallBasic.Library.Primitive)">
            <summary>
            A default Quake mesh.
            </summary>
            <param name="gravity">Gravity of player (0 to fly, 10 for normal gravity).</param>
            <returns>The added object name.</returns>
        </member>
        <member name="M:LitDev3D.LD3D.SetTexture(Microsoft.SmallBasic.Library.Primitive,Microsoft.SmallBasic.Library.Primitive)">
            <summary>
            Set the texture on an object.
            </summary>
            <param name="name">The object name.</param>
            <param name="texture">The texture image (*.bmp).</param>
            <returns></returns>
        </member>
        <member name="M:LitDev3D.LD3D.SetPosition(Microsoft.SmallBasic.Library.Primitive,Microsoft.SmallBasic.Library.Primitive,Microsoft.SmallBasic.Library.Primitive,Microsoft.SmallBasic.Library.Primitive)">
            <summary>
            Set the position of an object.
            </summary>
            <param name="name">The object name.</param>
            <param name="X">left right position.</param>
            <param name="Y">down up position.</param>
            <param name="Z">near far position.</param>
            <returns></returns>
        </member>
        <member name="M:LitDev3D.LD3D.GetPosition(Microsoft.SmallBasic.Library.Primitive)">
            <summary>
            Get the position of an object.
            </summary>
            <param name="name">The object name.</param>
            <returns>Array of X, Y, Z coordinates.</returns>
        </member>
        <member name="M:LitDev3D.LD3D.SetScale(Microsoft.SmallBasic.Library.Primitive,Microsoft.SmallBasic.Library.Primitive,Microsoft.SmallBasic.Library.Primitive,Microsoft.SmallBasic.Library.Primitive)">
            <summary>
            Set the scale of an object.
            </summary>
            <param name="name">The object name.</param>
            <param name="X">left right scale.</param>
            <param name="Y">down up scale.</param>
            <param name="Z">near far scale.</param>
            <returns></returns>
        </member>
        <member name="M:LitDev3D.LD3D.SetRotation(Microsoft.SmallBasic.Library.Primitive,Microsoft.SmallBasic.Library.Primitive,Microsoft.SmallBasic.Library.Primitive,Microsoft.SmallBasic.Library.Primitive)">
            <summary>
            Set the rotation of an object.
            </summary>
            <param name="name">The object name.</param>
            <param name="X">left right rotation (degrees).</param>
            <param name="Y">down up rotation (degrees).</param>
            <param name="Z">near far rotation (degrees).</param>
            <returns></returns>
        </member>
        <member name="M:LitDev3D.LD3D.GetTerrainHeight(Microsoft.SmallBasic.Library.Primitive,Microsoft.SmallBasic.Library.Primitive)">
            <summary>
            Get the ground level.
            </summary>
            <param name="X">left right position.</param>
            <param name="Z">near far position.</param>
            <returns>The ground level.</returns>
        </member>
        <member name="M:LitDev3D.LD3D.SetVisible(Microsoft.SmallBasic.Library.Primitive,Microsoft.SmallBasic.Library.Primitive)">
            <summary>
            Set the visibility of an object.
            </summary>
            <param name="name">The object name.</param>
            <param name="visible">"True" or "False"</param>
            <returns></returns>
        </member>
        <member name="M:LitDev3D.LD3D.AnimateTo(Microsoft.SmallBasic.Library.Primitive,Microsoft.SmallBasic.Library.Primitive,Microsoft.SmallBasic.Library.Primitive,Microsoft.SmallBasic.Library.Primitive,Microsoft.SmallBasic.Library.Primitive)">
            <summary>
            Animate an object to absolute cooordinates.
            </summary>
            <param name="name">The object name.</param>
            <param name="X">left right position.</param>
            <param name="Y">down up position.</param>
            <param name="Z">near far position.</param>
            <param name="time">the animation time (ms).</param>
            <returns></returns>
        </member>
        <member name="M:LitDev3D.LD3D.AnimateRelative(Microsoft.SmallBasic.Library.Primitive,Microsoft.SmallBasic.Library.Primitive,Microsoft.SmallBasic.Library.Primitive,Microsoft.SmallBasic.Library.Primitive,Microsoft.SmallBasic.Library.Primitive)">
            <summary>
            Animate an object relative to its current position.
            </summary>
            <param name="name">The object name.</param>
            <param name="X">left right position.</param>
            <param name="Y">down up position.</param>
            <param name="Z">near far position.</param>
            <param name="time">the animation time (ms).</param>
            <returns></returns>
        </member>
        <member name="M:LitDev3D.LD3D.AnimateOnTerrainTo(Microsoft.SmallBasic.Library.Primitive,Microsoft.SmallBasic.Library.Primitive,Microsoft.SmallBasic.Library.Primitive,Microsoft.SmallBasic.Library.Primitive)">
            <summary>
            Animate an object to absolute cooordinates while remaining on the ground.
            </summary>
            <param name="name">The object name.</param>
            <param name="X">left right position.</param>
            <param name="Z">near far position.</param>
            <param name="time">the animation time (ms).</param>
            <returns></returns>
        </member>
        <member name="M:LitDev3D.LD3D.AnimateOnTerrainRelative(Microsoft.SmallBasic.Library.Primitive,Microsoft.SmallBasic.Library.Primitive,Microsoft.SmallBasic.Library.Primitive,Microsoft.SmallBasic.Library.Primitive)">
            <summary>
            Animate an object relative to its current position while remaining on the ground.
            </summary>
            <param name="name">The object name.</param>
            <param name="X">left right position.</param>
            <param name="Z">near far position.</param>
            <param name="time">the animation time (ms).</param>
            <returns></returns>
        </member>
        <member name="M:LitDev3D.LD3D.AnimateRotation(Microsoft.SmallBasic.Library.Primitive,Microsoft.SmallBasic.Library.Primitive,Microsoft.SmallBasic.Library.Primitive,Microsoft.SmallBasic.Library.Primitive)">
            <summary>
            Rotate an object continously.
            </summary>
            <param name="name">The object name.</param>
            <param name="X">Rotation about X axis in degrees per second.</param>
            <param name="Y">Rotation about Y axis in degrees per second.</param>
            <param name="Z">Rotation about Z axis in degrees per second.</param>
            <returns></returns>
        </member>
        <member name="M:LitDev3D.LD3D.AnimateCircle(Microsoft.SmallBasic.Library.Primitive,Microsoft.SmallBasic.Library.Primitive,Microsoft.SmallBasic.Library.Primitive)">
            <summary>
            Animate the onject to fly in a horizontal circle about its center with input radius.
            </summary>
            <param name="name">The object name.</param>
            <param name="radius">The radius of the rotation.</param>
            <param name="speed">The speed of the rotation (degrees/second).</param>
        </member>
        <member name="M:LitDev3D.LD3D.RemoveAnimators(Microsoft.SmallBasic.Library.Primitive)">
            <summary>
            Remove all animations from object.
            </summary>
            <param name="name">The object name.</param>
            <returns></returns>
        </member>
        <member name="M:LitDev3D.LD3D.SetGravity(Microsoft.SmallBasic.Library.Primitive,Microsoft.SmallBasic.Library.Primitive)">
            <summary>
            Set gravity for an object
            </summary>
            <param name="name">The object name.</param>
            <param name="gravity">Gravity of object (0 to fly, 10 for normal gravity).</param>
            <returns></returns>
        </member>
        <member name="M:LitDev3D.LD3D.GetCameraPosition">
            <summary>
            Get the position of the camera.
            </summary>
            <returns>Array of X, Y, Z coordinates.</returns>
        </member>
        <member name="M:LitDev3D.LD3D.GetCameraDirection">
            <summary>
            Get the view direction of the camera normalised to unit length.
            </summary>
            <returns>Array of X, Y, Z vector.</returns>
        </member>
        <member name="M:LitDev3D.LD3D.SetGlow(Microsoft.SmallBasic.Library.Primitive,Microsoft.SmallBasic.Library.Primitive,Microsoft.SmallBasic.Library.Primitive)">
            <summary>
            Set an object to glow.
            </summary>
            <param name="name">The object name.</param>
            <param name="colour">The glow colour.</param>
            <param name="radius">The radius of the glow.</param>
            <returns></returns>
        </member>
        <member name="M:LitDev3D.LD3D.AddLight(Microsoft.SmallBasic.Library.Primitive,Microsoft.SmallBasic.Library.Primitive,Microsoft.SmallBasic.Library.Primitive,Microsoft.SmallBasic.Library.Primitive,Microsoft.SmallBasic.Library.Primitive)">
            <summary>
            Add a light.
            </summary>
            <param name="X">The light X coordinate.</param>
            <param name="Y">The light Y coordinate.</param>
            <param name="Z">The light Z coordinate.</param>
            <param name="colour">The light colour.</param>
            <param name="radius">The radius of the light.</param>
            <returns>The added object name.</returns>
        </member>
        <member name="M:LitDev3D.LD3D.AmbientLight(Microsoft.SmallBasic.Library.Primitive)">
            <summary>
            Ambient light level and colour (affects the brightness of objects not directly lit by a light).
            </summary>
            <param name="colour">The ambient colour (default white).</param>
        </member>
        <member name="M:LitDev3D.LD3D.AddFog(Microsoft.SmallBasic.Library.Primitive,Microsoft.SmallBasic.Library.Primitive)">
            <summary>
            Add a fog effect.
            </summary>
            <param name="colour">The fog colour</param>
            <param name="density">The fog density.</param>
        </member>
        <member name="M:LitDev3D.LD3D.SetShininess(Microsoft.SmallBasic.Library.Primitive,Microsoft.SmallBasic.Library.Primitive)">
            <summary>
            Set size of specular highlights on an object (shininess).
            </summary>
            <param name="name">The object name.</param>
            <param name="shininess">The shininess, 20 is a good value (0.5 to 128).</param>
        </member>
        <member name="M:LitDev3D.LD3D.SetCameraProperties(Microsoft.SmallBasic.Library.Primitive,Microsoft.SmallBasic.Library.Primitive,Microsoft.SmallBasic.Library.Primitive)">
            <summary>
            Set some properties of the FPS camera.
            </summary>
            <param name="speed">The speed (default 500).</param>
            <param name="farfield">The farfield view distance (default 10000).</param>
            <param name="gravity">Gravity of player (0 to fly, 10 for normal gravity).</param>
        </member>
        <member name="M:LitDev3D.LD3D.AddBillBoard(Microsoft.SmallBasic.Library.Primitive,Microsoft.SmallBasic.Library.Primitive)">
            <summary>
            Add a 2D billboard that always faces the camera.
            </summary>
            <param name="width">The width of the billboard.</param>
            <param name="height">The height of the billboard.</param>
            <returns>The added object name.</returns>
        </member>
        <member name="M:LitDev3D.LD3D.GetType(Microsoft.SmallBasic.Library.Primitive)">
            <summary>
            Get a string describing the object type.
            </summary>
            <param name="name">The object name.</param>
            <returns>The object type description.</returns>
        </member>
        <member name="M:LitDev3D.LD3D.SetType(Microsoft.SmallBasic.Library.Primitive,Microsoft.SmallBasic.Library.Primitive)">
            <summary>
            Set a string describing the object type to replace the default.
            Useful to detect specific combinations of collisions for example.
            </summary>
            <param name="name">The object name.</param>
            <param name="type">The object type description.</param>
            <returns></returns>
        </member>
        <member name="P:LitDev3D.LD3D.CollisionObject1">
            <summary>
            The first object that collided.
            </summary>
        </member>
        <member name="P:LitDev3D.LD3D.CollisionObject2">
            <summary>
            The second object that collided.
            </summary>
        </member>
        <member name="P:LitDev3D.LD3D.ClickObject">
            <summary>
            The last object that was clicked.
            </summary>
        </member>
        <member name="P:LitDev3D.LD3D.ConsoleMessages">
            <summary>
            Whether to output errors and warnings to the console "True" or "False".
            </summary>
        </member>
        <member name="E:LitDev3D.LD3D.Timer">
            <summary>
            An event that occurs every 100ms to control the game-play.
            </summary>
        </member>
        <member name="E:LitDev3D.LD3D.Collision">
            <summary>
            An event that occurs when two objects collide.
            To prevent this event from firing multiple times, a short delay (say 100ms) is recommended at the end of this event subroutine.
            The object names are obtained from CollisionObject1 and CollisionObject2 in the order they were added.
            Only objects added are detected, not for example collision with terrain.
            </summary>
        </member>
        <member name="E:LitDev3D.LD3D.Click">
            <summary>
            An event that occurs when an object in front of the camera is clicked with the mouse.
            The object name is obtained from ClickObject.
            </summary>
        </member>
        <member name="T:LitDev3D.Properties.Resources">
            <summary>
              A strongly-typed resource class, for looking up localized strings, etc.
            </summary>
        </member>
        <member name="P:LitDev3D.Properties.Resources.ResourceManager">
            <summary>
              Returns the cached ResourceManager instance used by this class.
            </summary>
        </member>
        <member name="P:LitDev3D.Properties.Resources.Culture">
            <summary>
              Overrides the current thread's CurrentUICulture property for all
              resource lookups using this strongly typed resource class.
            </summary>
        </member>
        <member name="P:LitDev3D.Properties.Resources.detailmap3">
            <summary>
              Looks up a localized resource of type System.Drawing.Bitmap.
            </summary>
        </member>
        <member name="P:LitDev3D.Properties.Resources.fireball">
            <summary>
              Looks up a localized resource of type System.Drawing.Bitmap.
            </summary>
        </member>
        <member name="P:LitDev3D.Properties.Resources.irrlicht2_bk">
            <summary>
              Looks up a localized resource of type System.Drawing.Bitmap.
            </summary>
        </member>
        <member name="P:LitDev3D.Properties.Resources.irrlicht2_dn">
            <summary>
              Looks up a localized resource of type System.Drawing.Bitmap.
            </summary>
        </member>
        <member name="P:LitDev3D.Properties.Resources.irrlicht2_ft">
            <summary>
              Looks up a localized resource of type System.Drawing.Bitmap.
            </summary>
        </member>
        <member name="P:LitDev3D.Properties.Resources.irrlicht2_lf">
            <summary>
              Looks up a localized resource of type System.Drawing.Bitmap.
            </summary>
        </member>
        <member name="P:LitDev3D.Properties.Resources.irrlicht2_rt">
            <summary>
              Looks up a localized resource of type System.Drawing.Bitmap.
            </summary>
        </member>
        <member name="P:LitDev3D.Properties.Resources.irrlicht2_up">
            <summary>
              Looks up a localized resource of type System.Drawing.Bitmap.
            </summary>
        </member>
        <member name="P:LitDev3D.Properties.Resources.map_20kdm2">
            <summary>
              Looks up a localized resource of type System.Byte[].
            </summary>
        </member>
        <member name="P:LitDev3D.Properties.Resources.ninja">
            <summary>
              Looks up a localized resource of type System.Byte[].
            </summary>
        </member>
        <member name="P:LitDev3D.Properties.Resources.nskinbl">
            <summary>
              Looks up a localized resource of type System.Drawing.Bitmap.
            </summary>
        </member>
        <member name="P:LitDev3D.Properties.Resources.nskinrd">
            <summary>
              Looks up a localized resource of type System.Drawing.Bitmap.
            </summary>
        </member>
        <member name="P:LitDev3D.Properties.Resources.particlewhite">
            <summary>
              Looks up a localized resource of type System.Drawing.Bitmap.
            </summary>
        </member>
        <member name="P:LitDev3D.Properties.Resources.skydome">
            <summary>
              Looks up a localized resource of type System.Drawing.Bitmap.
            </summary>
        </member>
        <member name="P:LitDev3D.Properties.Resources.terrain_heightmap">
            <summary>
              Looks up a localized resource of type System.Drawing.Bitmap.
            </summary>
        </member>
        <member name="P:LitDev3D.Properties.Resources.terrain_texture">
            <summary>
              Looks up a localized resource of type System.Drawing.Bitmap.
            </summary>
        </member>
    </members>
</doc>
