<?xml version="1.0" encoding="UTF-8"?>
<doc>
	<assembly>
		<name>PowerArrayV1 1.2 DE</name>
	</assembly>
	<members>
		<member name="T:PowerArrayV1.PArray">
			<summary>Multidimensionale PowerArrays. (Alpha)numerische Arrays beliebiger Dimension, welche bedeutend schneller arbeiten als Standard SB Arrays. (PowerArrayV1 Ext)</summary>
			<example>ID: QKP443
            Power Array Version 1.0 Reference.pdf</example>
		</member>
		<member name="M:PowerArrayV1.PArray.New(Microsoft.SmallBasic.Library.Primitive,Microsoft.SmallBasic.Library.Primitive)">
			<summary>Erstellt einen neuen Array mit angegebener Dimension(en).</summary>
			<param name="name">Der Name des Arrays in "".</param>
			<param name="dimensions">Eine Komma begrenzte Liste von Dimensionsgrößen in "".</param>
			<example>PArray.New("arr", "5,10,37,64,3") ' 5D Array</example>
		</member>
		<member name="M:PowerArrayV1.PArray.Set(Microsoft.SmallBasic.Library.Primitive,Microsoft.SmallBasic.Library.Primitive,Microsoft.SmallBasic.Library.Primitive)">
			<summary>Setzt den Wert eines Elementes in einem Array.</summary>
			<param name="name">Der Name des Arrays in "".</param>
			<param name="indexes">Eine Komma begrenzte Liste der Indizes in "".</param>
			<param name="value">Der Wert für das Element.</param>
		</member>
		<member name="M:PowerArrayV1.PArray.Get(Microsoft.SmallBasic.Library.Primitive,Microsoft.SmallBasic.Library.Primitive)">
			<summary>Ermittelt den Wert eines Elementes in einem Array.</summary>
			<param name="name">Der Name des Arrays in "".</param>
			<param name="indexes">Eine Komma begrenzte Liste der Indizes in "".</param>
			<returns>Der Wert des Elementes.</returns>
		</member>
		<member name="M:PowerArrayV1.PArray.Delete(Microsoft.SmallBasic.Library.Primitive)">
			<summary>Löscht einen Array.</summary>
			<param name="name">Der Name des Arrays in "".</param>
			<returns>"True" bei Erfolg, sonst "False".</returns>
		</member>
		<member name="M:PowerArrayV1.PArray.Exists(Microsoft.SmallBasic.Library.Primitive)">
			<summary>Ermittelt ob ein Array existiert.</summary>
			<param name="name">Der Name des Arrays in "".</param>
			<returns>"True" wenn der Array existiert, sonst "False".</returns>
		</member>
		<member name="T:PowerArrayV1.PArray1D">
			<summary>Eindimensionale PowerArrays. (Alpha)numerische 1D Arrays, welche bedeutend schneller arbeiten als Standard SB Arrays. (PowerArrayV1 Ext)</summary>
			<example>ID: QKP443
            Power Array Version 1.0 Reference.pdf</example>
		</member>
		<member name="M:PowerArrayV1.PArray1D.New(Microsoft.SmallBasic.Library.Primitive,Microsoft.SmallBasic.Library.Primitive)">
			<summary>Erstellt einen neuen 1D Array.</summary>
			<param name="name">Der Name des Arrays in "".</param>
			<param name="elements">Die Anzahl der Elemente.</param>
		</member>
		<member name="M:PowerArrayV1.PArray1D.Set(Microsoft.SmallBasic.Library.Primitive,Microsoft.SmallBasic.Library.Primitive,Microsoft.SmallBasic.Library.Primitive)">
			<summary>Setzt den Wert für ein Element in einem 1D Array.</summary>
			<param name="name">Der Name des Arrays in "".</param>
			<param name="index">Der Index des Elementes.</param>
			<param name="value">Der Wert für das Element.</param>
		</member>
		<member name="M:PowerArrayV1.PArray1D.Get(Microsoft.SmallBasic.Library.Primitive,Microsoft.SmallBasic.Library.Primitive)">
			<summary>Ermittelt den Wert eines Elementes in einem 1D Array.</summary>
			<param name="name">Der Name des Arrays in "".</param>
			<param name="index">Der Index des Elementes.</param>
			<returns>Der Wert für das Element.</returns>
		</member>
		<member name="M:PowerArrayV1.PArray1D.Delete(Microsoft.SmallBasic.Library.Primitive)">
			<summary>Löscht einen 1D Array.</summary>
			<param name="name">Der Name des Arrays in "".</param>
			<returns>"True" bei Erfolg, sonst "False".</returns>
		</member>
		<member name="M:PowerArrayV1.PArray1D.Exists(Microsoft.SmallBasic.Library.Primitive)">
			<summary>Ermittelt ob ein 1D Array existiert.</summary>
			<param name="name">Der Name des Arrays in "".</param>
			<returns>"True" wenn der Array existiert, sonst "False".</returns>
		</member>
		<member name="T:PowerArrayV1.PArray2D">
			<summary>Zweidimensionale PowerArrays. (Alpha)numerische 2D Arrays, welche bedeutend schneller arbeiten als Standard SB Arrays. (PowerArrayV1 Ext)</summary>
			<example>ID: QKP443
            Power Array Version 1.0 Reference.pdf</example>
		</member>
		<member name="M:PowerArrayV1.PArray2D.New(Microsoft.SmallBasic.Library.Primitive,Microsoft.SmallBasic.Library.Primitive,Microsoft.SmallBasic.Library.Primitive)">
			<summary>Erstellt einen neuen 2D Array.</summary>
			<param name="name">Der Name des Arrays in "".</param>
			<param name="elements1">Die Anzahl der Elemente in der ersten Dimension.</param>
			<param name="elements2">Die Anzahl der Elemente in der zweiten Dimension.</param>
		</member>
		<member name="M:PowerArrayV1.PArray2D.Set(Microsoft.SmallBasic.Library.Primitive,Microsoft.SmallBasic.Library.Primitive,Microsoft.SmallBasic.Library.Primitive,Microsoft.SmallBasic.Library.Primitive)">
			<summary>Setzt den Wert für ein Element in einem 2D Array.</summary>
			<param name="name">Der Name des Arrays in "".</param>
			<param name="index1">Index des Elementes der ersten Dimension.</param>
			<param name="index2">Index des Elementes der zweiten Dimension.</param>
			<param name="value">Der Wert für das Element.</param>
		</member>
		<member name="M:PowerArrayV1.PArray2D.Get(Microsoft.SmallBasic.Library.Primitive,Microsoft.SmallBasic.Library.Primitive,Microsoft.SmallBasic.Library.Primitive)">
			<summary>Ermittelt den Wert eines Elementes in einem 2D Array.</summary>
			<param name="name">Der Name des Arrays in "".</param>
			<param name="index1">Index des Elementes der ersten Dimension.</param>
			<param name="index2">Index des Elementes der zweiten Dimension.</param>
			<returns>Der Wert des Elementes.</returns>
		</member>
		<member name="M:PowerArrayV1.PArray2D.Delete(Microsoft.SmallBasic.Library.Primitive)">
			<summary>Löscht einen 2D Array.</summary>
			<param name="name">Der Name des Arrays in "".</param>
			<returns>"True" bei Erfolg, sonst "False".</returns>
		</member>
		<member name="M:PowerArrayV1.PArray2D.Exists(Microsoft.SmallBasic.Library.Primitive)">
			<summary>Ermittelt ob ein 2D Array existiert.</summary>
			<param name="name">Der Name des Arrays in "".</param>
			<returns>"True" wenn der Array existiert, sonst "False".</returns>
		</member>
		<member name="T:PowerArrayV1.PArray3D">
			<summary>Dreidimensionale PowerArrays. (Alpha)numerische 3D Arrays, welche bedeutend schneller arbeiten als Standard SB Arrays. (PowerArrayV1 Ext)</summary>
			<example>ID: FGT632-0, QKP443
            Power Array Version 1.0 Reference.pdf</example>
		</member>
		<member name="M:PowerArrayV1.PArray3D.New(Microsoft.SmallBasic.Library.Primitive,Microsoft.SmallBasic.Library.Primitive,Microsoft.SmallBasic.Library.Primitive,Microsoft.SmallBasic.Library.Primitive)">
			<summary>Erstellt einen neuen 3D Array.</summary>
			<param name="name">Der Name des Arrays in "".</param>
			<param name="elements1">Die Anzahl der Elemente in der ersten Dimension.</param>
			<param name="elements2">Die Anzahl der Elemente in der zweiten Dimension.</param>
			<param name="elements3">Die Anzahl der Elemente in der dritten Dimension.</param>
		</member>
		<member name="M:PowerArrayV1.PArray3D.Set(Microsoft.SmallBasic.Library.Primitive,Microsoft.SmallBasic.Library.Primitive,Microsoft.SmallBasic.Library.Primitive,Microsoft.SmallBasic.Library.Primitive,Microsoft.SmallBasic.Library.Primitive)">
			<summary>Setzt den Wert für ein Element in einem 3D Array.</summary>
			<param name="name">Der Name des Arrays in "".</param>
			<param name="index1">Index des Elementes der ersten Dimension.</param>
			<param name="index2">Index des Elementes der zweiten Dimension.</param>
			<param name="index3">Index des Elementes der dritten Dimension.</param>
			<param name="value">Der Wert für das Element.</param>
		</member>
		<member name="M:PowerArrayV1.PArray3D.Get(Microsoft.SmallBasic.Library.Primitive,Microsoft.SmallBasic.Library.Primitive,Microsoft.SmallBasic.Library.Primitive,Microsoft.SmallBasic.Library.Primitive)">
			<summary>Ermittelt den Wert eines Elementes in einem 3D Array.</summary>
			<param name="name">Der Name des Arrays in "".</param>
			<param name="index1">Index des Elementes der ersten Dimension.</param>
			<param name="index2">Index des Elementes der zweiten Dimension.</param>
			<param name="index3">Index des Elementes der dritten Dimension.</param>
			<returns>Der Wert des Elementes.</returns>
		</member>
		<member name="M:PowerArrayV1.PArray3D.Delete(Microsoft.SmallBasic.Library.Primitive)">
			<summary>Löscht einen 3D Array.</summary>
			<param name="name">Der Name des Arrays in "".</param>
			<returns>"True" bei Erfolg, sonst "False".</returns>
		</member>
		<member name="M:PowerArrayV1.PArray3D.Exists(Microsoft.SmallBasic.Library.Primitive)">
			<summary>Ermittelt ob ein 3D Array existiert.</summary>
			<param name="name">Der Name des Arrays in "".</param>
			<returns>"True" wenn der Array existiert, sonst "False".</returns>
		</member>
	</members>
</doc>