<?xml version="1.0"?>
<doc>
    <assembly>
        <name>PowerArrayV1</name>
    </assembly>
    <members>
        <member name="T:PowerArrayV1.PArray1D">
            <summary>
            One-Dimensional Array
            </summary>
        </member>
        <member name="M:PowerArrayV1.PArray1D.New(Microsoft.SmallBasic.Library.Primitive,Microsoft.SmallBasic.Library.Primitive)">
            <summary>
            Create a new one-dimensional array.
            </summary>
            <param name="Name">
            Name of the array.
            </param>
            <param name="Elements">
            Number of elements.
            </param>
            <returns>
            Nothing.
            </returns>
        </member>
        <member name="M:PowerArrayV1.PArray1D.Set(Microsoft.SmallBasic.Library.Primitive,Microsoft.SmallBasic.Library.Primitive,Microsoft.SmallBasic.Library.Primitive)">
            <summary>
            Set an element value in a one-dimensional array.
            </summary>
            <param name="Name">
            Name of the array.
            </param>
            <param name="Index">
            Index of element.
            </param>
            <param name="Value">
            Element's value.
            </param>
            <returns>
            Nothing.
            </returns>
        </member>
        <member name="M:PowerArrayV1.PArray1D.Get(Microsoft.SmallBasic.Library.Primitive,Microsoft.SmallBasic.Library.Primitive)">
            <summary>
            Get an element value from a one-dimensional array.
            </summary>
            <param name="Name">
            Name of the array.
            </param>
            <param name="Index">
            Index of element.
            </param>
            <returns>
            Element's value.
            </returns>
        </member>
        <member name="M:PowerArrayV1.PArray1D.Delete(Microsoft.SmallBasic.Library.Primitive)">
            <summary>
            Deletes a one-dimensional array.
            </summary>
            <param name="Name">
            Name of the array.
            </param>
            <returns>
            "true" if successful, "false" if an error occured.
            </returns>
        </member>
        <member name="M:PowerArrayV1.PArray1D.Exists(Microsoft.SmallBasic.Library.Primitive)">
            <summary>
            Checks if a one-dimensional array exists.
            </summary>
            <param name="Name">
            Name of the array.
            </param>
            <returns>
            "true" if array exists, "false" if it doesn't.
            </returns>
        </member>
        <member name="T:PowerArrayV1.PArray2D">
            <summary>
            Two-Dimensional Array
            </summary>
        </member>
        <member name="M:PowerArrayV1.PArray2D.New(Microsoft.SmallBasic.Library.Primitive,Microsoft.SmallBasic.Library.Primitive,Microsoft.SmallBasic.Library.Primitive)">
            <summary>
            Create a new two-dimensional array.
            </summary>
            <param name="Name">
            Name of the array.
            </param>
            <param name="Elements1">
            Number of elements in the first dimension.
            </param>
            <param name="Elements2">
            Number of elements in the second dimension.
            </param>
            <returns>
            Nothing.
            </returns>
        </member>
        <member name="M:PowerArrayV1.PArray2D.Set(Microsoft.SmallBasic.Library.Primitive,Microsoft.SmallBasic.Library.Primitive,Microsoft.SmallBasic.Library.Primitive,Microsoft.SmallBasic.Library.Primitive)">
            <summary>
            Set an element value in a two-dimensional array.
            </summary>
            <param name="Name">
            Name of the array.
            </param>
            <param name="Index1">
            First dimension index of element.
            </param>
            <param name="Index2">
            Second dimension index of element.
            </param>
            <param name="Value">
            Element's value.
            </param>
            <returns>
            Nothing.
            </returns>
        </member>
        <member name="M:PowerArrayV1.PArray2D.Get(Microsoft.SmallBasic.Library.Primitive,Microsoft.SmallBasic.Library.Primitive,Microsoft.SmallBasic.Library.Primitive)">
            <summary>
            Get an element value from a two-dimensional array.
            </summary>
            <param name="Name">
            Name of the array.
            </param>
            <param name="Index1">
            First dimension index of element.
            </param>
            <param name="Index2">
            Second dimension index of element.
            </param>
            <returns>
            Element's value.
            </returns>
        </member>
        <member name="M:PowerArrayV1.PArray2D.Delete(Microsoft.SmallBasic.Library.Primitive)">
            <summary>
            Deletes a two-dimensional array.
            </summary>
            <param name="Name">
            Name of the array.
            </param>
            <returns>
            "true" if successful, "false" if an error occured.
            </returns>
        </member>
        <member name="M:PowerArrayV1.PArray2D.Exists(Microsoft.SmallBasic.Library.Primitive)">
            <summary>
            Checks if a two-dimensional array exists.
            </summary>
            <param name="Name">
            Name of the array.
            </param>
            <returns>
            "true" if array exists, "false" if it doesn't.
            </returns>
        </member>
        <member name="T:PowerArrayV1.PArray3D">
            <summary>
            Three-Dimensional Array
            </summary>
        </member>
        <member name="M:PowerArrayV1.PArray3D.New(Microsoft.SmallBasic.Library.Primitive,Microsoft.SmallBasic.Library.Primitive,Microsoft.SmallBasic.Library.Primitive,Microsoft.SmallBasic.Library.Primitive)">
            <summary>
            Create a new three-dimensional array.
            </summary>
            <param name="Name">
            Name of the array.
            </param>
            <param name="Elements1">
            Number of elements in the first dimension.
            </param>
            <param name="Elements2">
            Number of elements in the second dimension.
            </param>
            <param name="Elements3">
            Number of elements in the third dimension.
            </param>
            <returns>
            Nothing
            </returns>
        </member>
        <member name="M:PowerArrayV1.PArray3D.Set(Microsoft.SmallBasic.Library.Primitive,Microsoft.SmallBasic.Library.Primitive,Microsoft.SmallBasic.Library.Primitive,Microsoft.SmallBasic.Library.Primitive,Microsoft.SmallBasic.Library.Primitive)">
            <summary>
            Set an element value in a three-dimensional array.
            </summary>
            <param name="Name">
            Name of the array.
            </param>
            <param name="Index1">
            First dimension index of element.
            </param>
            <param name="Index2">
            Second dimension index of element.
            </param>
            <param name="Index3">
            Third dimension index of element.
            </param>
            <param name="Value">
            Element's value.
            </param>
            <returns>
            Nothing.
            </returns>
        </member>
        <member name="M:PowerArrayV1.PArray3D.Get(Microsoft.SmallBasic.Library.Primitive,Microsoft.SmallBasic.Library.Primitive,Microsoft.SmallBasic.Library.Primitive,Microsoft.SmallBasic.Library.Primitive)">
            <summary>
            Get an element value from a three-dimensional array.
            </summary>
            <param name="Name">
            Name of the array.
            </param>
            <param name="Index1">
            First dimension index of element.
            </param>
            <param name="Index2">
            Second dimension index of element.
            </param>
            <param name="Index3">
            Third dimension index of element.
            </param>
            <returns>
            Element's value.
            </returns>
        </member>
        <member name="M:PowerArrayV1.PArray3D.Delete(Microsoft.SmallBasic.Library.Primitive)">
            <summary>
            Deletes a three-dimensional array.
            </summary>
            <param name="Name">
            Name of the array.
            </param>
            <returns>
            "true" if successful, "false" if an error occured.
            </returns>
        </member>
        <member name="M:PowerArrayV1.PArray3D.Exists(Microsoft.SmallBasic.Library.Primitive)">
            <summary>
            Checks if a three-dimensional array exists.
            </summary>
            <param name="Name">
            Name of the array.
            </param>
            <returns>
            "true" if array exists, "false" if it doesn't.
            </returns>
        </member>
        <member name="T:PowerArrayV1.PArray">
            <summary>
            Power Array
            </summary>
        </member>
        <member name="M:PowerArrayV1.PArray.New(Microsoft.SmallBasic.Library.Primitive,Microsoft.SmallBasic.Library.Primitive)">
            <summary>
            Create a new array.
            </summary>
            <param name="Name">
            Name of the array.
            </param>
            <param name="Dimensions">
            Comma delimited list of dimension sizes.
            </param>
            <returns>
            Nothing.
            </returns>
        </member>
        <member name="M:PowerArrayV1.PArray.Set(Microsoft.SmallBasic.Library.Primitive,Microsoft.SmallBasic.Library.Primitive,Microsoft.SmallBasic.Library.Primitive)">
            <summary>
            Set an element value.
            </summary>
            <param name="Name">
            Name of the array.
            </param>
            <param name="Indexes">
            Comma delimited list of indexes.
            </param>
            <param name="Value">
            Element's value.
            </param>
            <returns>
            Nothing.
            </returns>
        </member>
        <member name="M:PowerArrayV1.PArray.Get(Microsoft.SmallBasic.Library.Primitive,Microsoft.SmallBasic.Library.Primitive)">
            <summary>
            Get an element value.
            </summary>
            <param name="Name">
            Name of the array.
            </param>
            <param name="Indexes">
            Comma delimited list of indexes.
            </param>
            <returns>
            Element's value.
            </returns>
        </member>
        <member name="M:PowerArrayV1.PArray.Delete(Microsoft.SmallBasic.Library.Primitive)">
            <summary>
            Deletes an array.
            </summary>
            <param name="Name">
            Name of the array.
            </param>
            <returns>
            "true" if successful, "false" if an error occured.
            </returns>
        </member>
        <member name="M:PowerArrayV1.PArray.Exists(Microsoft.SmallBasic.Library.Primitive)">
            <summary>
            Checks if an array exists.
            </summary>
            <param name="Name">
            Name of the array.
            </param>
            <returns>
            "true" if array exists, "false" if it doesn't.
            </returns>
        </member>
    </members>
</doc>
