<?xml version="1.0"?>
<doc>
    <assembly>
        <name>Excel4SmallBasic</name>
    </assembly>
    <members>
        <member name="T:Excel4SmallBasic.Excel">
            <summary>
            The Excel object provides methods to read and write value from and to a cell 
            of the Excel workbook.
            </summary>
        </member>
        <member name="F:Excel4SmallBasic.Excel._MaxBookCache">
            <summary>
            The upper bound of book cache size.
            いちどに開くことのできる Excel ファイル(ブック)の最大数です。
            </summary>
        </member>
        <member name="F:Excel4SmallBasic.Excel._ExcelApp">
            <summary>
            Excelアプリケーションを指すCOMインスタンスです。
            </summary>
        </member>
        <member name="P:Excel4SmallBasic.Excel.Visible">
            <summary>Get or set Excel window visibility to "Yes" or "No".</summary>
        </member>
        <member name="M:Excel4SmallBasic.Excel.#cctor">
            <summary>
            static constructor.
            静的コンストラクタです。
            </summary>
        </member>
        <member name="M:Excel4SmallBasic.Excel.GetExcelApp">
            <summary>
            Return Excel application object.
            Excelアプリケーションを返します。
            </summary>
        </member>
        <member name="M:Excel4SmallBasic.Excel.Dispatcher_ShutdownStarted(System.Object,System.EventArgs)">
            <summary>
            Handles the ShutdownStarted event of the Dispatcher. This method called back from the Dispatcher when application is shutdowning.
            Dispatcher の ShutdownStarted イベントをハンドルします。アプリケーションが終了するときに呼び出されます。
            </summary>
        </member>
        <member name="F:Excel4SmallBasic.Excel._OpenedBooks">
            <summary>
            The cache of opened book (Key=the full path of book, Value=book object).
            開いたExcelファイル(ブック)をキャッシュする辞書です。
            (Key=ブックのフルパス, Value=ブック)
            いちばん最近参照されたブックが0番目の要素になります。
            </summary>
        </member>
        <member name="M:Excel4SmallBasic.Excel.GetWorkbook(System.String)">
            <summary>
            Return the book of specified full path from cache.
            キャッシュ優先で、指定されたフルパスの Excel ファイル(ブック)を開いて返します。
            _MaxBookCache を超えるファイルを開こうとした場合は、LRU方式でいちばん過去に参照されたきりのファイルから自動で閉じます。
            </summary>
        </member>
        <member name="M:Excel4SmallBasic.Excel.InternalCloseBook(System.Collections.Generic.KeyValuePair{System.String,Microsoft.Office.Interop.Excel._Workbook})">
            <summary>
            The action of closing book.
            ブックを閉じるアクションです。
            </summary>
        </member>
        <member name="M:Excel4SmallBasic.Excel.ReadCell(Microsoft.SmallBasic.Library.Primitive,Microsoft.SmallBasic.Library.Primitive,Microsoft.SmallBasic.Library.Primitive,Microsoft.SmallBasic.Library.Primitive)">
            <summary>
            <para>Open the specified Excel file and reads the contents at the specified sheet,
            row and column number.</para>
            <para>When you attempts to open more than 3 files simultaneously,
            the least recently used one is closed automaticaly with saving chnages.</para>
            </summary>
            <param name="filePath">The full path of the Excel file to read from.
            An example of a full path will be c:\temp\book1.xlsx.</param>
            <param name="sheetName">The sheet name which contains the cell to be read.</param>
            <param name="rowIndex">The line number of the cell to be read.</param>
            <param name="columnIndex">The column number of the cell to be read.(ex. 1, 2,... or "A","B",..."AB",...)</param>
            <returns>The contents at the specified row, column, sheet of the specified Excel file.</returns>
        </member>
        <member name="M:Excel4SmallBasic.Excel.WriteCell(Microsoft.SmallBasic.Library.Primitive,Microsoft.SmallBasic.Library.Primitive,Microsoft.SmallBasic.Library.Primitive,Microsoft.SmallBasic.Library.Primitive,Microsoft.SmallBasic.Library.Primitive)">
            <summary>
            <para>Open the specified Excel file and write the contents at the specified sheet,
            row and column number.</para>
            <para>When you attempts to open more than 3 files simultaneously,
            the least recently used one is closed automaticaly with saving chnages.</para>
            </summary>
            <param name="filePath">The full path of the Excel file to write to.
            An example of a full path will be c:\temp\book1.xlsx.</param>
            <param name="sheetName">The sheet name which contains the cell to write.</param>
            <param name="rowIndex">The line number of the cell to write.</param>
            <param name="columnIndex">The column number of the cell to write.(ex. 1, 2,... or "A","B",..."AB",...)</param>
            <param name="newValue">The contents to write at the specified row, column, sheet of the specified Excel file.</param>
        </member>
        <member name="M:Excel4SmallBasic.Excel.CloseBook(Microsoft.SmallBasic.Library.Primitive)">
            <summary>
            Close the specified Excel file with saving changes.
            </summary>
            <param name="filePathOrName">The full path, or file name only of the Excel file to close.
            An example of a full path will be "c:\temp\book1.xlsx.", and file name will be "book1.xlsx", and you can also specify only "book1".</param>
        </member>
        <member name="M:Excel4SmallBasic.Excel.CloseAll">
            <summary>
            Close all Excel files which is opened with saving changes.
            </summary>
        </member>
        <member name="M:Excel4SmallBasic.Excel.ColIndexToInt(Microsoft.SmallBasic.Library.Primitive)">
            <summary>
            Convert column index to integer, such as "A","B","AB"...
            "A"や"AB"などの形式のカラム指定を列インデックス(1～)に変換します。
            </summary>
        </member>
    </members>
</doc>
