<?xml version="1.0"?>
<doc>
    <assembly>
        <name>WaveForms</name>
    </assembly>
    <members>
        <member name="T:WaveForms.WaveForm">
            <summary>
            Create simple sound waveforms
            </summary>
        </member>
        <member name="M:WaveForms.WaveForm.PlaySineWave(Microsoft.SmallBasic.Library.Primitive,Microsoft.SmallBasic.Library.Primitive)">
            <summary>
            Play a Sine wave form.
            </summary>
            <param name="frequency">Frequency (HZ)</param>
            <param name="duration">Duration (ms)</param>
        </member>
        <member name="M:WaveForms.WaveForm.PlaySquareWave(Microsoft.SmallBasic.Library.Primitive,Microsoft.SmallBasic.Library.Primitive)">
            <summary>
            Play a square wave form.
            </summary>
            <param name="frequency">Frequency (HZ)</param>
            <param name="duration">Duration (ms)</param>
        </member>
        <member name="M:WaveForms.WaveForm.PlayDX7(Microsoft.SmallBasic.Library.Primitive)">
            <summary>
            Play DX7.
            </summary>
            <param name="channels">An array of values for each channel (values between 0 and 1, usually 8 channels).</param>
        </member>
        <member name="P:WaveForms.WaveForm.Amplitude">
            <summary>
            Signal amlitude (maximum is 2^15 = 32768, default is 20262)
            </summary>
        </member>
    </members>
</doc>
