﻿<?xml version="1.0"?>
<doc>
<assembly>
<name>
Zock77
</name>
</assembly>
<members>
<member name="M:ClassLibrary1.Zock77Math.Fire(Microsoft.SmallBasic.Library.Primitive,Microsoft.SmallBasic.Library.Primitive,Microsoft.SmallBasic.Library.Primitive,Microsoft.SmallBasic.Library.Primitive,Microsoft.SmallBasic.Library.Primitive,Microsoft.SmallBasic.Library.Primitive)">
	<summary>
 Calculates for a object getting shot from a Position
 </summary>
	<param name="Xstart">The "Cannon" x</param>
	<param name="YStart">The "Cannon" y</param>
	<param name="Gravity">The Gravity for the calculaation</param>
	<param name="Time">The time to calculate With</param>
	<param name="velosity">The velosity</param>
	<param name="Angle">The angle in degrees</param>
	<returns>X and Y In a array (X=720;Y=456)</returns>
	<example>NJL161-0 Import code</example>
</member><member name="M:ClassLibrary1.Zock77Math.GetAngle(Microsoft.SmallBasic.Library.Primitive,Microsoft.SmallBasic.Library.Primitive,Microsoft.SmallBasic.Library.Primitive,Microsoft.SmallBasic.Library.Primitive)">
	<summary>
 Gets the angle for two objects.
 </summary>
	<param name="X">The object to rotate to x</param>
	<param name="Tx">The object that rotates x</param>
	<param name="Y">The object to rotate to y</param>
	<param name="Ty">The object that rotates y</param>
	<returns>The Angle in degrees</returns>
	<example>NKP831 import code</example>
</member><member name="M:ClassLibrary1.Zock77Math.Getacceleration(Microsoft.SmallBasic.Library.Primitive,Microsoft.SmallBasic.Library.Primitive)">
	<summary>
 Calculates for sir isaac newton's formula of acceleration (Like a object getting dropped)
 </summary>
	<param name="Gravity">The Gravity to calculate with</param>
	<param name="Time">The time to calculate with</param>
	<returns>The Y position</returns>
	<example>GLS636 import code</example>
</member><member name="M:ClassLibrary1.Zock77Math.GetCircle(Microsoft.SmallBasic.Library.Primitive,Microsoft.SmallBasic.Library.Primitive,Microsoft.SmallBasic.Library.Primitive,Microsoft.SmallBasic.Library.Primitive)">
	<summary>
 Calculats for a circle from the center of it
 </summary>
	<param name="Radius">The Radius of the circle</param>
	<param name="X">The x to the center</param>
	<param name="Y">The Y to the center</param>
	<param name="Angle">The angle to the point</param>
	<returns>X and Y In a array (X=720;Y=456)</returns>
	<example>SWZ060 import code</example>
</member><member name="M:ClassLibrary1.Zock77Math.Square(Microsoft.SmallBasic.Library.Primitive)">
	<summary>
 Squares a number
 </summary>
	<param name="Value">The Number to square</param>
	<returns>The Squared number</returns>
	<example>PJQ107 import code</example>
</member><member name="M:ClassLibrary1.Zock77Math.RoundtoNearest(Microsoft.SmallBasic.Library.Primitive,Microsoft.SmallBasic.Library.Primitive)">
	<summary>
 Rounds a number to the nearist Number
 </summary>
	<param name="Value">The Number to Round</param>
	<param name="Roundnum">The Number to round to</param>
	<returns>The Rounded number</returns>
	<example>TKC010-0 import code</example>
</member><member name="M:ClassLibrary1.Zock77Math.SquareRoot(Microsoft.SmallBasic.Library.Primitive)">
	<summary>
 Rounds a number to the nearist defined Number
 </summary>
	<param name="Value">The Number to Get the square root of</param>
	<returns>The Square Root of the number</returns>
	<example>CQV099 import code</example>
</member><member name="M:ClassLibrary1.Zock77Math.ArcTan2(Microsoft.SmallBasic.Library.Primitive,Microsoft.SmallBasic.Library.Primitive)">
	<summary>
 Gets the Arctan2 of the two factors
 </summary>
	<param name="Xvalue">The X factor</param>
	<param name="Yvalue">The Y factor</param>
	<returns>The Arctan2</returns>
	<example>KCQ592 import code</example>
</member><member name="M:ClassLibrary1.Zock77Math.Pi100">
	<summary>
 Gets the First 100 digits of pi
 </summary>
	<returns>The first 100 digits of pi</returns>
</member><member name="T:ClassLibrary1.Zock77Math">
	<summary>
  Calculates some time consuming formulas And provides some math objects.
 </summary>
</member><member name="P:ClassLibrary1.My.Resources.Resources.ResourceManager">
	<summary>
  Returns the cached ResourceManager instance used by this class.
</summary>
</member><member name="P:ClassLibrary1.My.Resources.Resources.Culture">
	<summary>
  Overrides the current thread's CurrentUICulture property for all
  resource lookups using this strongly typed resource class.
</summary>
</member><member name="T:ClassLibrary1.My.Resources.Resources">
	<summary>
  A strongly-typed resource class, for looking up localized strings, etc.
</summary>
</member>
</members>
</doc>